Age,Gender,Race,Features
100,1,0,243.0156697368205
10,0,0,249.65707158422543
10,0,0,209.24403943040608
10,0,1,234.5290589913282
10,1,1,244.08420356318135
10,1,3,215.00736788140853
110,1,0,221.50955513148313
111,1,0,276.17618774997834
115,1,0,267.6524209691421
115,1,0,256.97228406287724
116,1,0,237.0355820653723
116,1,3,281.79548810140926
11,1,0,221.4809473296811
13,0,3,258.870698248498
13,1,0,230.69201043519593
14,0,0,244.34835142947117
14,0,0,254.02501186108435
14,0,0,229.35958643994888
14,0,1,233.8002207747195
14,1,0,235.1489087310713
15,0,0,205.2560214107964
15,0,0,236.05140817992867
15,0,1,211.52803736847312
15,0,2,236.37062257489126
15,1,0,232.20090105954023
15,1,1,226.62248095556825
15,1,1,225.1842458950341
15,1,3,233.48892370261407
16,0,0,222.4557159908425
16,0,1,225.36680611424987
16,0,1,221.58753170433698
16,0,1,226.2900351948982
16,1,0,236.42073996328634
16,1,0,216.00658465665094
16,1,0,243.6793718782228
16,1,0,242.09621936886788
17,0,0,238.81522560390763
17,0,0,201.84417963463594
17,0,0,242.70667860534078
17,0,1,236.37427580617148
17,1,0,213.63501271468618
17,1,3,221.06619276260264
17,1,3,238.84184895182744
18,0,1,232.13813643230048
18,0,3,234.35712780019307
18,0,3,248.20349269874765
18,0,3,213.8431379770625
18,1,0,216.9531686271668
18,1,1,243.8286693632723
18,1,3,275.0568579355275
18,1,3,216.8139877957052
18,1,3,241.28549715783691
19,0,0,222.26378706233555
19,0,0,227.600557681836
19,0,3,195.9843288627813
19,0,3,238.85706731396232
19,1,0,218.49303005856524
19,1,3,215.12614602706483
19,1,3,208.78628993574046
19,1,3,233.66718981956092
1,0,1,243.27584966190472
20,0,0,247.4332635140134
20,0,0,216.52715688336315
20,0,0,218.9113550460298
20,0,0,212.9237941358979
20,0,1,259.9223449703844
20,0,1,229.0623990550709
20,0,3,253.86681510653
20,0,3,239.9686295982113
20,0,3,215.2232674836463
20,0,3,227.29810383508698
20,0,3,219.05466038107437
20,0,3,225.75429732808095
20,1,0,233.34799494304139
20,1,0,220.65760432683118
20,1,0,228.46398217269868
20,1,0,226.869594820807
20,1,0,244.36216477944356
20,1,0,230.6961118153657
20,1,0,221.42527238882977
20,1,0,255.2145545803172
20,1,1,248.5953872440407
20,1,1,228.38374250900108
20,1,1,236.19985583077266
20,1,1,252.42582116686506
20,1,3,216.5435710110586
20,1,3,252.3792535663278
20,1,3,235.52537851791595
20,1,3,235.6811662737851
20,1,3,231.4029913628014
20,1,3,251.6743937639539
20,1,3,249.6184649942528
20,1,3,240.4820892122056
20,1,3,192.6818503830147
20,1,3,229.54355516944358
20,1,3,241.17516278862956
20,1,3,254.25572411079202
20,1,3,243.52386645437883
20,1,3,259.7327627279584
21,0,0,257.4831255547747
21,0,0,239.64341143612177
21,0,1,208.47083640807512
21,0,1,235.39973776790316
21,0,1,224.35364330257693
21,0,1,222.9352309945636
21,0,1,214.75874344065636
21,0,3,226.20900147919002
21,0,3,225.38861840382182
21,0,3,218.7333878734997
21,0,3,255.30372419634887
21,0,3,244.3011229659018
21,0,3,209.7950871843526
21,0,3,253.12694005148865
21,0,3,212.1366537854509
21,0,3,225.29789931765455
21,0,3,222.56643254844755
21,0,3,256.8221825588426
21,0,3,232.79278867408905
21,1,0,218.00107840191396
21,1,1,271.2966836951797
21,1,1,238.32132572324673
21,1,1,206.39632261043835
21,1,1,233.67821626274525
21,1,1,212.14187297150167
21,1,1,236.3083470910313
21,1,3,224.45880555305217
21,1,3,229.55745865939255
21,1,3,250.78798101887634
21,1,3,215.2085995097895
21,1,3,229.3152531370042
21,1,3,240.75765780989053
21,1,3,216.0315780955941
21,1,3,240.99876819760175
21,1,3,260.3869409875752
21,1,3,248.293707383149
21,1,3,239.87860772955463
21,1,3,234.34863605713625
22,0,0,223.070554239011
22,0,0,227.73277482171744
22,0,0,239.52686569095704
22,0,0,238.91974822818148
22,0,1,236.26671270622654
22,0,1,235.24189887866714
22,0,3,245.72683635344782
22,0,3,224.4752695644185
22,0,3,233.57313219733402
22,0,3,234.25352245034577
22,0,3,236.6078137658521
22,0,3,224.5391010469756
22,0,3,224.83292607384166
22,0,3,223.15715201961467
22,0,3,230.9115197100202
22,0,3,221.3290609872887
22,0,3,224.2687075946421
22,0,3,224.0288261042785
22,0,3,223.96638897097645
22,0,3,249.42430455197717
22,0,3,203.93280422511475
22,0,3,216.62140049565156
22,0,3,236.01161470927275
22,0,3,227.8626649020356
22,0,3,227.67314130912624
22,1,0,245.36539297900646
22,1,0,218.22301697220686
22,1,1,240.36213886280294
22,1,1,259.6698889422478
22,1,1,260.10881652731905
22,1,1,261.3718110787737
22,1,3,247.72821469260788
22,1,3,239.7147794932119
22,1,3,255.15660542840664
22,1,3,220.694707162542
22,1,3,216.81661945289926
22,1,3,250.96097428627573
22,1,3,226.19071243352326
22,1,3,236.01161470927275
22,1,3,210.50306608606655
22,1,3,217.30314204735754
22,1,3,234.268717330041
22,1,3,230.76121146294452
22,1,3,214.39541406573565
22,1,3,229.8026469172699
22,1,3,251.61167618302602
22,1,3,228.20321627118614
22,1,3,229.15308442751987
22,1,3,222.97477749337588
22,1,3,240.75377251420818
22,1,3,242.20596342399534
22,1,3,240.63090803160603
22,1,3,229.3567797501027
22,1,3,263.0613855989195
22,1,3,256.1891101369787
23,0,0,202.3081772169045
23,0,0,226.29039661820633
23,0,1,224.29155623575934
23,0,1,222.4582811083668
23,0,1,219.86594003422047
23,0,1,231.80992991386086
23,0,3,219.34474132024536
23,0,3,202.3081772169045
23,0,3,247.8660242594849
23,0,3,223.09651863492326
23,0,3,278.4328929739121
23,0,3,209.9133789379785
23,0,3,247.35512224542128
23,0,3,212.1354283262242
23,0,3,214.21782238612826
23,0,3,246.16042683495942
23,0,3,223.20270122915187
23,0,3,243.54686492708663
23,0,3,237.77214888515655
23,0,3,220.0418545142552
23,0,3,242.03221108391003
23,0,3,240.52392338226696
23,0,3,223.65179591700405
23,0,3,227.5203764081776
23,0,3,227.57754441268327
23,0,3,236.23172786682125
23,0,3,222.45721195192212
23,0,3,264.5848857134847
23,0,3,250.80596223803457
23,0,3,234.60487579757833
23,0,3,231.09299996353258
23,0,3,239.20097317920195
23,0,3,215.14790108974535
23,0,3,226.5903415813879
23,0,3,235.7514446622868
23,1,0,244.61150246221234
23,1,0,224.39585715563874
23,1,1,221.53590531709435
23,1,3,255.76005737632198
23,1,3,246.10409017537188
23,1,3,262.9852074438897
23,1,3,240.75530945407036
23,1,3,229.4191094576868
23,1,3,254.21675266109193
23,1,3,234.26549366984634
23,1,3,272.53544138087636
23,1,3,244.4052611688808
23,1,3,212.36485943864184
23,1,3,239.04310580523367
23,1,3,228.72201950890243
23,1,3,241.51885410191142
23,1,3,241.51885410191142
23,1,3,243.504632057511
23,1,3,236.11191900378918
23,1,3,208.7394446794615
23,1,3,222.17795001083806
23,1,3,242.85384380734337
23,1,3,243.43763325748074
23,1,3,207.06558515823986
23,1,3,244.62785266871703
23,1,3,244.4462219773784
23,1,3,225.75980270937305
23,1,3,251.00694482764223
23,1,3,233.47917749336895
23,1,3,244.3002327804848
23,1,3,233.54417825351408
23,1,3,230.38659429297314
23,1,3,238.2816839966252
23,1,3,246.25234650613265
23,1,3,234.36708204933007
23,1,3,239.6864881011105
23,1,3,216.0250705569016
23,1,3,248.70714877635476
23,1,3,226.0433404621474
23,1,3,249.34347709270935
24,0,0,234.9915173060631
24,0,0,245.7495531531526
24,0,0,242.56184424905624
24,0,0,207.4826297309655
24,0,0,181.2017735817043
24,0,1,206.5387206139652
24,0,1,242.1151066951894
24,0,1,252.22448815459762
24,0,1,208.92507850355008
24,0,1,256.81114545964
24,0,1,235.89962149628366
24,0,1,220.90418974638203
24,0,1,233.0419046026309
24,0,2,255.2295170458236
24,0,2,235.80790475976477
24,0,2,228.82711018095824
24,0,3,220.5783900475658
24,0,3,237.79463731616124
24,0,3,241.35491101989032
24,0,3,231.8816181266732
24,0,3,207.52860372025663
24,0,3,219.429501834995
24,0,3,225.23583804884294
24,0,3,242.4877373720452
24,0,3,230.15160635320842
24,0,3,235.589534760635
24,0,3,232.0575628548467
24,0,3,226.87807659399692
24,0,3,189.77027103546465
24,0,3,262.95062804329564
24,0,3,222.40456064238364
24,0,3,221.804494807291
24,0,3,235.80790475976477
24,0,3,228.39958185113056
24,0,3,216.61358393601296
24,0,3,231.89524343119905
24,0,3,237.08454958282243
24,0,3,244.21779296901127
24,0,3,230.25644100967847
24,0,3,208.46106046861036
24,0,3,231.35875258830248
24,0,3,224.52115765213205
24,0,3,224.45055817498837
24,0,3,216.50586734209625
24,0,3,230.27274387592254
24,0,4,231.86198861559566
24,0,4,210.39615363778927
24,1,0,253.9194795091077
24,1,0,217.21402070592598
24,1,0,236.03012582200648
24,1,0,255.91842537038445
24,1,0,240.1726213850476
24,1,0,245.73475804863173
24,1,0,220.4351883133815
24,1,0,244.31224600572972
24,1,0,227.95524850530154
24,1,0,225.36941663399244
24,1,1,220.1758082390461
24,1,1,245.02947390168458
24,1,1,235.96673102510553
24,1,1,233.34400063990495
24,1,1,225.19272569023184
24,1,1,249.01441818412604
24,1,1,219.2640814399965
24,1,1,225.53564390259731
24,1,2,213.70389660232496
24,1,3,274.0457399333766
24,1,3,231.7581212636886
24,1,3,225.756876918884
24,1,3,241.20330225304053
24,1,3,228.08399874134375
24,1,3,254.21460440984612
24,1,3,244.27444382150335
24,1,3,253.6810941361618
24,1,3,245.06325930836402
24,1,3,226.32195464779937
24,1,3,226.60427112496745
24,1,3,262.84046469460634
24,1,3,228.2946427197874
24,1,3,221.9395143769994
24,1,3,239.08865403442945
24,1,3,234.61305586984832
24,1,3,234.8510309188497
24,1,3,254.24195808690155
24,1,3,219.28743689233002
24,1,3,254.56810619536904
24,1,3,198.17570353331624
24,1,3,243.0018205031545
24,1,3,208.30603141719325
24,1,3,238.9861239362981
24,1,3,214.06168020957568
24,1,3,257.0355210416949
24,1,3,195.80796368809104
24,1,3,236.54447420290526
24,1,3,211.39715092324695
24,1,3,234.1859669540556
24,1,3,213.62663215848187
24,1,3,231.48071245937803
24,1,3,243.7164775556933
24,1,3,233.75066728822583
24,1,3,224.85050768537664
24,1,3,246.49723179740624
24,1,3,257.5716964970518
24,1,3,245.17138742611132
24,1,3,223.9955217354588
24,1,3,226.34882361143048
24,1,3,247.052264741498
24,1,3,238.2542083944408
24,1,4,228.12387265694534
24,1,4,204.34748586375053
24,1,4,232.7526336082505
25,0,0,227.1842275416557
25,0,0,214.59273727743243
25,0,0,225.5298738450413
25,0,0,243.6692362438725
25,0,0,216.79662196227181
25,0,0,214.70496899386828
25,0,0,236.9571020519875
25,0,0,184.98258082911195
25,0,0,256.6828786755139
25,0,0,215.5029677426631
25,0,0,239.33577687895428
25,0,1,231.5368387575199
25,0,1,253.97380675044582
25,0,1,202.44453952358512
25,0,1,225.92500993535037
25,0,1,222.98123214150024
25,0,1,245.24928603569776
25,0,1,223.8197120685827
25,0,1,223.0441254232796
25,0,2,204.65177869945873
25,0,2,207.803164585819
25,0,3,237.03591309121214
25,0,3,235.56892910320272
25,0,3,228.70690923864186
25,0,3,274.4148204923759
25,0,3,194.64365043831415
25,0,3,237.43743844285615
25,0,3,206.993963711443
25,0,3,243.02489817072404
25,0,3,214.28921477291317
25,0,3,262.88647425363644
25,0,3,231.03768326693688
25,0,3,234.81927748674133
25,0,3,239.1824541853602
25,0,3,236.22894800560965
25,0,3,218.9690899668945
25,0,3,236.78108347667592
25,0,3,213.04667464604336
25,0,3,239.49052973876883
25,0,3,256.91628652350414
25,0,3,253.42825076895173
25,0,3,220.20719002652095
25,0,3,230.49452020060346
25,0,3,237.11695062468297
25,0,3,224.71336397905162
25,0,3,257.9745129386155
25,0,3,245.14929559312793
25,0,3,223.61973678921257
25,0,3,262.63100636219076
25,0,3,212.6476531805971
25,0,3,224.25669553430578
25,0,3,220.51275282240982
25,0,3,209.67529981774857
25,0,3,227.1851580549162
25,0,3,226.66061488321003
25,0,3,234.46396980466304
25,0,3,225.87574519587332
25,0,3,229.1536210286328
25,0,3,208.5249113226311
25,0,3,236.1711970449819
25,0,3,250.91192333256504
25,0,3,223.10546536528125
25,0,3,242.75548777778502
25,0,3,243.9789321012425
25,0,3,160.80379882820466
25,1,0,221.85981674567546
25,1,0,246.96126222081944
25,1,0,214.48087627691103
25,1,0,254.4409908007836
25,1,0,231.62382991877246
25,1,0,246.45428112805757
25,1,0,241.68655949552192
25,1,0,218.31356565579196
25,1,0,228.86080658844568
25,1,1,224.50375724495905
25,1,1,259.56425713835836
25,1,2,223.37421899320736
25,1,2,226.56290074268276
25,1,3,243.4882790431641
25,1,3,234.52255143140133
25,1,3,224.38947200288084
25,1,3,233.56724882999106
25,1,3,213.5756097449322
25,1,3,232.44540581090672
25,1,3,241.13860849590264
25,1,3,220.961536878364
25,1,3,257.6421021162606
25,1,3,249.96788055675847
25,1,3,185.45856804055853
25,1,3,251.84281550091896
25,1,3,241.23378749770615
25,1,3,253.45943597930398
25,1,3,242.94470646722627
25,1,3,240.6907585155043
25,1,3,232.38232032443665
25,1,3,260.7915773649928
25,1,3,249.66378063002733
25,1,3,271.4184209006471
25,1,3,244.62398812355633
25,1,3,226.46300485110152
25,1,3,255.1404571241365
25,1,3,233.58829046884603
25,1,3,257.09134721068347
25,1,3,242.70868467322174
25,1,3,231.62382991877246
25,1,3,246.45428112805757
25,1,3,242.70868467322174
25,1,3,241.68655949552192
25,1,3,218.31356565579196
25,1,3,228.86080658844568
25,1,3,253.39940526328087
25,1,3,241.80501417683013
25,1,3,250.68827332970716
25,1,3,214.9183705362445
25,1,3,220.44887677686057
25,1,3,239.42054954538537
25,1,3,227.34814344329777
25,1,3,238.12758744317307
25,1,3,241.49480314373602
25,1,3,235.63119895830457
25,1,3,239.3977899399818
25,1,3,207.03315888274878
25,1,3,217.79723037392466
25,1,3,232.38752324459193
25,1,3,235.95386178483827
25,1,3,252.107976983193
25,1,3,220.1582019401497
25,1,3,215.75064216132535
25,1,3,243.91764014096935
25,1,3,245.50831355513682
25,1,4,244.21994257081826
25,1,4,240.23423469970004
26,0,0,252.04345075419008
26,0,0,226.4675468421476
26,0,0,228.62927775578132
26,0,0,216.04861613252467
26,0,0,207.3896713932875
26,0,0,222.8898747518944
26,0,0,234.91272112216703
26,0,0,237.77313079479023
26,0,0,230.06764650324868
26,0,0,191.64246519465254
26,0,0,230.9162757425098
26,0,0,221.57821229392172
26,0,0,217.25280975268214
26,0,0,257.586370119934
26,0,0,203.4391904317901
26,0,0,234.4897405143318
26,0,0,224.2553202103017
26,0,0,249.49768399345697
26,0,0,244.6914962057594
26,0,0,216.83246948645024
26,0,0,220.25177451054196
26,0,0,256.32081724187015
26,0,0,223.06920410467907
26,0,0,223.2810676496559
26,0,0,254.9649841538496
26,0,0,251.93059087418294
26,0,0,234.5166713261884
26,0,0,204.52591219083436
26,0,0,245.71878198816353
26,0,0,184.59030366402808
26,0,0,216.6869444132479
26,0,0,235.3183251918278
26,0,0,262.67203510708555
26,0,0,228.8250583023872
26,0,0,260.22621884904277
26,0,1,239.5602092937484
26,0,1,245.9273493626644
26,0,1,236.00340826572665
26,0,1,231.2605556215443
26,0,1,231.6844773731322
26,0,1,212.13515872514398
26,0,1,233.83530997767787
26,0,1,210.98237209993945
26,0,1,236.31696106334817
26,0,1,235.93848549026944
26,0,1,229.3760824114118
26,0,1,222.86488548665142
26,0,1,215.31269132597527
26,0,1,279.28926624888925
26,0,1,230.38452762995297
26,0,2,215.8016735072075
26,0,2,225.87783677376297
26,0,2,220.40776693648175
26,0,2,212.44532497873553
26,0,2,230.2874124841597
26,0,2,206.13295254937557
26,0,2,218.39712357253262
26,0,2,243.63222105344482
26,0,2,251.35718632740856
26,0,3,196.85579785152106
26,0,3,246.96321409488831
26,0,3,217.1887966575942
26,0,3,226.19904497190788
26,0,3,230.99824015449093
26,0,3,261.9188470572424
26,0,3,239.75029645244908
26,0,3,235.73858770737402
26,0,3,253.12694005148865
26,0,3,236.74732083740082
26,0,3,240.7727979281786
26,0,3,237.64494721186185
26,0,3,231.90138734221517
26,0,3,219.41382903499746
26,0,3,232.46521682591336
26,0,3,218.04911687367343
26,0,3,203.44526375038794
26,0,3,225.672957752635
26,0,3,192.67917823105347
26,0,3,218.1227994862528
26,0,3,262.1648391592755
26,0,3,211.81469889471555
26,0,3,265.6068698820767
26,0,3,212.13851946128113
26,0,3,233.32446249925545
26,0,3,246.27707473071555
26,0,3,216.92042887014046
26,0,3,197.03312258902486
26,0,3,193.8158646441761
26,0,3,218.1323726607893
26,0,3,256.0965649885577
26,0,3,214.05044143898542
26,0,3,215.33695309618886
26,0,3,239.1704876634305
26,0,3,236.89259846364476
26,0,3,250.85859321932523
26,0,3,228.5528349504284
26,0,3,244.83536678656992
26,0,3,227.2104876632538
26,0,3,229.51162544813192
26,0,3,250.76555269580342
26,0,3,240.62419995297927
26,0,3,232.17422043624626
26,0,3,214.4332307464949
26,0,3,254.14709938657253
26,0,3,247.04624064352964
26,0,3,280.0899335079448
26,0,3,234.01551102245077
26,0,3,238.0438230480026
26,0,3,264.6762156565583
26,0,3,240.5136337068936
26,0,3,235.89696345651657
26,0,3,223.18554117161676
26,0,3,200.64825217307754
26,0,3,230.6369376521955
26,0,3,277.0211726538895
26,0,3,259.3255280009845
26,0,3,243.31875835559393
26,0,3,233.40416257863257
26,0,3,214.6075114057938
26,0,3,210.4826784357147
26,0,3,229.32122134757765
26,0,3,229.01538904984582
26,0,3,218.48034876112092
26,0,3,273.1360466903886
26,0,3,233.75398330567202
26,0,3,218.8098070188696
26,0,3,224.96823428242217
26,0,3,242.37094550548852
26,0,3,226.51782863603134
26,0,3,237.74005874664482
26,0,3,235.3857302031931
26,0,3,221.87701354155388
26,0,3,220.78185297843748
26,0,3,224.12819067834437
26,0,3,250.67337189686134
26,0,3,205.27507555495748
26,0,3,190.80639347527688
26,0,3,260.6026489997033
26,0,3,231.82818885822826
26,0,3,236.20451733045252
26,0,3,218.48034876112092
26,0,3,191.31567824707778
26,0,3,251.12918452151288
26,0,3,237.2554560197504
26,0,3,261.5460114413197
26,0,3,234.86473020637936
26,0,3,240.60341034112767
26,0,3,234.1726878413474
26,0,3,227.78883610768463
26,0,3,240.39842136985104
26,0,3,259.9425419079561
26,0,3,222.60202801402016
26,0,3,219.15635276327535
26,0,3,251.02008613078044
26,0,3,236.21393368987643
26,0,3,189.77862220132755
26,0,3,195.8420829877285
26,0,3,237.68230343866338
26,0,3,237.68230343866338
26,0,3,225.8721268147517
26,0,3,244.8270237324818
26,0,3,241.83109491348438
26,0,3,232.03174961779297
26,0,3,231.42361944176926
26,0,3,212.26231695092122
26,0,3,236.09624903416324
26,0,3,227.7570024855499
26,0,3,241.72504798857187
26,0,3,227.75800864403436
26,0,3,232.68886453347994
26,0,3,261.3368981513877
26,0,3,228.17831943269667
26,0,3,200.53454847256776
26,0,3,253.4242286529937
26,0,3,221.45570037087353
26,0,3,243.63222105344482
26,0,3,212.44532497873553
26,0,3,230.2874124841597
26,0,3,206.13295254937557
26,0,3,218.39712357253262
26,0,3,243.63222105344482
26,0,3,204.7014213978909
26,0,3,227.4887591719227
26,0,3,234.43902233874698
26,0,3,242.37094550548852
26,0,3,232.90912779817353
26,0,3,239.11241734290843
26,0,3,220.25177451054196
26,0,3,238.78870385736167
26,0,3,246.33288363793218
26,0,3,238.78065217146727
26,0,3,236.38991422715276
26,0,3,251.1955572955751
26,0,3,242.74465708023843
26,0,3,215.12687206812632
26,0,3,206.13295254937557
26,0,3,243.63222105344482
26,0,3,252.67692085464589
26,0,3,228.34981231395648
26,0,3,254.04277668778914
26,0,3,240.83090035128123
26,0,3,244.40023066499748
26,0,3,243.85657286646799
26,0,3,228.32287468108987
26,0,3,228.77243599740834
26,0,3,230.90175288124442
26,0,3,247.17032978574144
26,0,3,213.87524882873177
26,0,3,255.62916484388774
26,0,4,241.59175263555068
26,0,4,223.65446338944992
26,1,0,232.69674985591283
26,1,0,233.57786637110783
26,1,0,242.5563390602791
26,1,0,235.97579976666856
26,1,0,250.6375913135938
26,1,0,238.50382305605189
26,1,0,252.77165642100786
26,1,0,241.67269721741192
26,1,0,248.02825249172793
26,1,0,246.8641506066125
26,1,0,238.68322091054608
26,1,0,241.89244423565899
26,1,0,248.12865804851674
26,1,0,237.23994382235497
26,1,1,245.61875813772127
26,1,1,267.0627044795344
26,1,1,236.5845713135128
26,1,1,224.60931443569135
26,1,1,250.47726925399581
26,1,1,246.98101737758645
26,1,1,242.87258093738455
26,1,1,242.80766983312395
26,1,1,248.18353510651326
26,1,1,199.38982528425274
26,1,1,274.05877875655545
26,1,2,228.82405749609921
26,1,3,257.8531185236902
26,1,3,245.34241939716205
26,1,3,243.6075815099432
26,1,3,221.7419772611526
26,1,3,254.32250451105904
26,1,3,233.3394107353679
26,1,3,235.87996032633677
26,1,3,243.44404803618932
26,1,3,232.84544102389677
26,1,3,242.72964008677508
26,1,3,235.19693619216056
26,1,3,228.72883697289922
26,1,3,237.61515675802198
26,1,3,225.11110389875932
26,1,3,224.44219887762873
26,1,3,255.43038178248665
26,1,3,244.34631140314028
26,1,3,234.01551102245077
26,1,3,230.11156337764152
26,1,3,250.5685213044263
26,1,3,274.3371238981402
26,1,3,227.38412095281882
26,1,3,244.89929035321825
26,1,3,255.04254675079954
26,1,3,260.09290519626074
26,1,3,279.69894802612055
26,1,3,244.26597464000332
26,1,3,196.79088741520206
26,1,3,260.6026489997033
26,1,3,259.97612932845647
26,1,3,216.13992743163044
26,1,3,229.43303270069896
26,1,3,250.68212455183473
26,1,3,271.0770555386338
26,1,3,248.83724142565595
26,1,3,222.99346804563277
26,1,3,220.94982055697412
26,1,3,247.47226490211855
26,1,3,249.74017863966336
26,1,3,259.31526772383296
26,1,3,261.4672303278169
26,1,3,224.60012422250907
26,1,3,247.26680014033033
26,1,3,221.0921724222871
26,1,3,233.71423913105843
26,1,3,246.2540406197233
26,1,3,243.6469619721618
26,1,3,265.7004948908168
26,1,3,248.56903501275525
26,1,3,262.2665685519527
26,1,3,255.92715067380055
26,1,3,214.898911679732
26,1,3,230.52543032405364
26,1,3,248.60811572307063
26,1,3,262.7087154240564
26,1,3,253.16934334892176
26,1,3,273.21220033683426
26,1,3,236.58207134215286
26,1,3,227.1425214152872
26,1,3,257.7508884033697
26,1,3,202.4616048113276
26,1,3,250.35604416030145
26,1,3,224.8034579389796
26,1,3,216.87291532618548
26,1,3,228.5424708195051
26,1,3,238.74052654141997
26,1,3,244.72525827129473
26,1,3,235.38729097218132
26,1,3,234.22150415095507
26,1,3,231.11878523820013
26,1,3,232.12098767505017
26,1,3,241.59826292717918
26,1,3,217.43670877734286
26,1,3,236.6400717262387
26,1,3,254.92625921388662
26,1,3,243.90181400568693
26,1,3,243.407494670281
26,1,3,260.09609411966454
26,1,3,239.15484242645186
26,1,3,238.3030731207289
26,1,3,250.49251784890168
26,1,3,243.39588061516883
26,1,3,218.7550042073044
26,1,3,252.93757367907517
26,1,3,267.7295346004987
26,1,3,249.3228136669551
26,1,3,215.80015843849623
26,1,3,261.24446374353465
26,1,3,238.71602839781107
26,1,3,226.6531602026275
26,1,3,238.89762613570707
26,1,3,249.21218367567582
26,1,3,239.5721105904758
26,1,3,246.22677797437285
26,1,3,253.43730211478848
26,1,3,245.18766747729805
26,1,3,223.03728704371565
26,1,3,231.86593077798437
26,1,3,249.48278170728034
26,1,3,217.15288743524476
26,1,3,245.01878651656958
26,1,3,240.51832545740098
26,1,3,236.7171089308834
26,1,3,229.45706600816806
26,1,3,239.08471559294787
26,1,3,236.96357939855983
26,1,3,251.75424027103546
26,1,3,248.0685238573231
26,1,3,227.8571805908178
26,1,3,228.9038556989056
26,1,3,238.62829071476085
26,1,3,238.61396339392095
26,1,3,238.74436530118194
26,1,3,242.47259111842607
26,1,3,230.1297723397809
26,1,3,232.64125099504776
26,1,3,258.8744846083017
26,1,3,244.98502953022285
26,1,3,246.12389294386946
26,1,3,253.87379443887994
26,1,3,247.01276648399795
26,1,3,247.30382791202192
26,1,3,237.5136275479762
26,1,3,261.48910847610784
26,1,4,226.338591095227
27,0,0,221.4297581806958
27,0,0,234.84233944000238
27,0,0,239.15401096035993
27,0,0,240.20803469153753
27,0,0,216.6215097244117
27,0,0,206.0225797946456
27,0,0,200.19617203462752
27,0,0,224.63217177328983
27,0,0,246.00310369443258
27,0,0,228.46121178808437
27,0,1,230.86839544778337
27,0,1,249.62823662553183
27,0,1,228.49411760453035
27,0,1,248.78246438054393
27,0,1,219.83310899816237
27,0,1,238.02993750656213
27,0,1,234.43667946842126
27,0,1,217.6399340035598
27,0,1,175.22404060925828
27,0,2,242.28787279970288
27,0,2,246.9693049992954
27,0,2,220.76341675166398
27,0,2,245.92472457780553
27,0,2,209.91099094175917
27,0,2,236.49174625101557
27,0,2,199.78017900041465
27,0,2,243.91518352117342
27,0,2,192.4714435033805
27,0,2,221.59816674240435
27,0,3,222.1420024390373
27,0,3,241.07313578933582
27,0,3,239.55406455430614
27,0,3,254.65936469935463
27,0,3,221.9577874870713
27,0,3,217.9695680150977
27,0,3,245.76723381650385
27,0,3,208.08596789408756
27,0,3,246.00310369443258
27,0,3,224.6000844862371
27,0,3,242.91262499449473
27,0,3,201.33715232857332
27,0,3,206.88446859162835
27,0,3,245.7581147606129
27,0,3,208.62409881111714
27,0,3,226.75319442076162
27,0,3,255.89627105611692
27,0,3,239.0065525879512
27,0,3,264.315803179221
27,0,3,212.8220589266905
27,0,3,205.68792854804897
27,0,3,228.62652401440278
27,0,3,241.76558785384884
27,0,3,223.10177579048627
27,0,3,220.45267890567138
27,0,3,234.8002637546113
27,0,3,226.76402767342307
27,0,3,238.82803724792274
27,0,3,191.4204509900061
27,0,3,258.58467141773485
27,0,3,211.42031338427012
27,0,3,261.2956714712878
27,0,3,239.18136997270108
27,0,3,254.70266350699882
27,0,3,239.63415732129232
27,0,3,243.00653436513505
27,0,3,263.2723335255972
27,0,3,226.29937763784096
27,0,3,221.9911641842782
27,0,3,236.06604523754868
27,0,4,224.88184961473598
27,1,0,240.2677013468599
27,1,0,220.63393886851281
27,1,0,245.4346842624658
27,1,0,221.45785015499183
27,1,1,227.90869457358662
27,1,1,225.06249627781298
27,1,1,259.57959284649473
27,1,1,228.95108580313718
27,1,2,220.95214651110282
27,1,3,238.77879732320454
27,1,3,224.89078796067798
27,1,3,236.34359157662595
27,1,3,262.06066153647515
27,1,3,229.1272192828411
27,1,3,231.63900034436242
27,1,3,237.0340735323606
27,1,3,239.2505676306954
27,1,3,231.49422809016085
27,1,3,228.71775988626354
27,1,3,250.392851385715
27,1,3,244.70705997949264
27,1,3,206.95249787704878
27,1,3,227.1112750419316
27,1,3,237.55859158240557
27,1,3,250.98961505005857
27,1,3,230.3993005474601
27,1,3,230.0770733391473
27,1,3,243.80662270911625
27,1,3,265.93790845020624
27,1,3,234.3688071227417
28,0,0,205.05541516074575
28,0,0,249.02713055608567
28,0,0,230.12297202788488
28,0,0,232.11912165603889
28,0,0,245.1704685513406
28,0,0,223.3976109614207
28,0,0,237.8430693588616
28,0,0,227.04160996140453
28,0,0,218.2417790196676
28,0,0,247.0487103082375
28,0,0,222.7863670439212
28,0,0,267.33518532918436
28,0,0,247.71089483589273
28,0,0,227.99686675817108
28,0,0,226.8265029857147
28,0,0,233.53534389331992
28,0,0,255.98596917358975
28,0,0,215.7605133036434
28,0,0,237.9587537108486
28,0,1,237.93390862551286
28,0,1,227.81388520906478
28,0,1,221.9115647188002
28,0,1,228.10561129785708
28,0,1,219.25114524187455
28,0,1,233.91142453700655
28,0,1,236.57933744048813
28,0,1,208.44437085663907
28,0,2,223.1940053601191
28,0,2,232.89808353495465
28,0,3,204.75840542708113
28,0,3,236.901986366464
28,0,3,223.33584258323285
28,0,3,244.58941631651663
28,0,3,205.19893690728176
28,0,3,241.3847839594576
28,0,3,215.14790108974535
28,0,3,209.87889718647614
28,0,3,233.27702059004793
28,0,3,233.27702059004793
28,0,3,225.94063334486842
28,0,3,237.92877502675782
28,0,3,234.74469102467424
28,0,3,205.53903711990756
28,0,3,182.97514457206012
28,0,3,250.64464299683004
28,0,3,232.60817300307002
28,0,3,217.96777982922666
28,0,3,210.34114930977555
28,0,3,214.6944565196913
28,0,3,222.59720455714728
28,0,3,206.61657337902415
28,0,3,255.1697490438652
28,0,3,239.05700420083656
28,0,3,203.61309444251566
28,0,3,218.58207357721432
28,0,3,231.7033346467058
28,0,3,207.41512370230257
28,0,3,231.2116675284384
28,0,3,219.40819626065132
28,0,3,208.87263632044463
28,0,3,255.96069888552057
28,0,3,217.94352728851538
28,0,3,215.02598842446602
28,0,3,218.2665944081162
28,0,3,246.47317141563133
28,0,3,225.95798935499994
28,0,3,229.25589692545321
28,0,3,236.360167639444
28,0,3,243.46622430962634
28,0,3,245.43893149719773
28,0,3,268.0652653586249
28,0,3,234.6217605610268
28,0,3,206.98878170542451
28,0,3,222.2113147084398
28,0,3,248.62289612472114
28,0,3,206.98878170542451
28,0,3,223.2101711782731
28,0,3,216.38598564631883
28,0,3,229.1094662292645
28,0,3,225.1389780879499
28,0,3,232.81926367614346
28,0,3,221.21135350244242
28,0,3,237.6289744483504
28,0,3,248.71928693485683
28,0,3,163.9446628821805
28,0,3,249.4258466356806
28,0,3,235.7817591072245
28,0,3,221.6792931778366
28,0,3,238.53189945384221
28,0,3,221.57312682814236
28,0,3,230.70060245344854
28,0,3,217.4483865395851
28,0,3,229.9325502730719
28,0,3,244.2198243813563
28,0,3,220.58602057128508
28,0,3,221.57312682814236
28,0,3,258.7775984653059
28,0,3,227.92489631610005
28,0,3,237.01256060191602
28,0,3,230.81166613473624
28,0,3,229.9325502730719
28,0,3,238.11798882567763
28,0,3,225.87892284916725
28,0,3,222.03249644910989
28,0,3,222.61442732902037
28,0,3,257.81042606225753
28,0,3,232.87868909346014
28,0,3,239.73177147937096
28,0,3,254.5075735106282
28,0,3,189.81791421381482
28,0,3,229.9600297728199
28,0,3,243.28909444958757
28,0,3,246.434637065415
28,0,4,229.35939615433932
28,0,4,211.8745518419642
28,1,0,243.36333685510277
28,1,0,237.09887575188372
28,1,0,219.78712184677272
28,1,0,205.96194216867258
28,1,0,252.9714419184313
28,1,0,244.61282867354095
28,1,0,246.71914199273527
28,1,0,196.07531836618193
28,1,0,215.8782049210627
28,1,1,226.68173929129793
28,1,1,267.12381310871706
28,1,1,219.20224256673737
28,1,1,257.47275208764927
28,1,1,244.86069536840446
28,1,1,248.2986585610863
28,1,3,246.77522948706192
28,1,3,232.81182405358635
28,1,3,246.38490858814782
28,1,3,223.24935690697444
28,1,3,210.34114930977555
28,1,3,234.0998688671061
28,1,3,225.06396616971398
28,1,3,225.87892284916725
28,1,3,250.56113811691236
28,1,3,225.87892284916725
28,1,3,238.46245605068185
28,1,3,230.32055704276067
28,1,3,207.71460700771007
28,1,3,232.29478022533038
28,1,3,241.71580125375613
28,1,3,252.9421298936718
28,1,3,237.5239652103006
28,1,3,217.67925199193584
28,1,3,198.26966447127444
28,1,3,229.3526710943812
28,1,3,195.0995918040783
28,1,3,219.48395780934686
28,1,3,229.8549711054257
28,1,3,225.49884856807446
28,1,3,228.0851236571546
28,1,3,227.04044702622207
28,1,3,254.05848631953023
28,1,3,223.630619197104
28,1,3,245.18175475186484
28,1,3,256.83384520418235
28,1,3,219.9707414373868
28,1,4,225.72155837719174
29,0,0,241.50493461891855
29,0,0,239.31313632438085
29,0,0,226.221980444206
29,0,0,242.24851572375036
29,0,0,235.84145348875438
29,0,0,235.38751423250693
29,0,1,224.31974629543123
29,0,1,237.60012227940518
29,0,1,220.92308314072335
29,0,3,225.73867970331895
29,0,3,226.94152710310135
29,0,3,211.8516385269764
29,0,3,216.73597772801656
29,0,3,254.9101344925596
29,0,3,221.14556977294518
29,0,3,223.96054482033344
29,0,3,219.9931439309111
29,0,3,243.08908211449713
29,0,3,224.95568212502346
29,0,3,240.36123968244397
29,0,3,221.32575750396035
29,0,3,213.26384786705077
29,0,3,237.67950478155484
29,0,3,233.35523834531335
29,0,3,243.92910469041914
29,0,3,233.95861878930918
29,0,3,235.12691422717134
29,0,3,218.22784349013403
29,0,3,219.41339685154466
29,0,3,218.76133113714928
29,0,3,197.00086399595455
29,0,3,217.83550713690198
29,0,3,218.33370059776374
29,0,3,221.9628669743023
29,0,3,232.9758944754612
29,0,3,232.75194756185886
29,0,3,232.31769926461953
29,0,3,245.0082003248095
29,0,3,242.58670069483554
29,0,3,232.07788771621196
29,0,4,248.72131882282662
29,0,4,210.07147773049988
29,1,0,236.45206910912788
29,1,0,223.43058029578287
29,1,0,241.99360241021213
29,1,0,227.82116350909
29,1,0,231.50102060560704
29,1,0,231.94239062956044
29,1,0,241.4111787117626
29,1,0,249.42099207856444
29,1,1,231.33305363099026
29,1,1,250.94015816252286
29,1,1,247.87482902619328
29,1,1,198.53613979263176
29,1,3,230.44509313837096
29,1,3,235.347785167091
29,1,3,231.55642992081084
29,1,3,219.7903804413312
29,1,3,252.50928994080027
29,1,3,241.36681672652108
30,0,0,221.1536297474567
30,0,0,201.35880532558417
30,0,0,238.26433514168656
30,0,0,219.8029842556747
30,0,0,221.91344673014606
30,0,0,210.12888213099473
30,0,0,218.8696644375637
30,0,0,247.1920641730691
30,0,0,248.8132768637588
30,0,0,243.34487304943684
30,0,0,205.0677002520789
30,0,0,245.99200066670278
30,0,0,241.9745229494003
30,0,0,261.20529192722597
30,0,0,236.3809668007295
30,0,0,254.04186925414706
30,0,1,255.89264486121309
30,0,1,229.42587794078867
30,0,2,212.6366285890839
30,0,2,248.6467231407244
30,0,2,221.587006389
30,0,3,205.8478751924619
30,0,3,198.46443163808004
30,0,3,231.5509844475325
30,0,3,228.62248289342259
30,0,3,223.20667771230637
30,0,3,249.94251354580956
30,0,3,201.8553243901914
30,0,3,201.33801917433334
30,0,3,204.40346468455982
30,0,3,221.37590174982788
30,0,3,245.73085148575552
30,0,3,201.8026409543622
30,0,3,204.996983175618
30,0,3,252.1198714337213
30,0,3,243.86869738380273
30,0,3,242.79224499801256
30,0,3,208.40050208712682
30,0,3,220.56369745218035
30,0,3,223.190389809851
30,0,3,249.35712297172017
30,0,3,252.09660714937866
30,0,3,242.9143888357391
30,0,3,217.61804861130517
30,0,3,251.93078231426838
30,0,3,217.73590013943624
30,0,4,208.9314329786127
30,1,0,227.9548949228241
30,1,0,252.17275932951276
30,1,0,223.04706866808948
30,1,1,231.11966829154224
30,1,1,241.3131336333105
30,1,2,223.4512387446452
30,1,3,238.77879732320454
30,1,3,243.75167807342302
30,1,3,226.07290009685707
30,1,3,256.9080363964051
30,1,3,232.93604922441023
30,1,3,240.74902803014436
30,1,3,230.2651828491797
30,1,3,223.43248382386264
30,1,3,231.87867795826412
30,1,3,227.543811307375
30,1,3,227.8612796227805
30,1,3,216.23320987645724
30,1,3,233.44992629534994
30,1,3,233.93514545126257
31,0,0,217.63615122683143
31,0,0,224.27516625720102
31,0,0,240.19574625469312
31,0,0,229.79268708294023
31,0,0,233.80339333817412
31,0,0,218.19090108721892
31,0,1,232.07894269512974
31,0,1,234.29863987637185
31,0,1,229.68290493273435
31,0,1,244.212583771286
31,0,1,239.659396361851
31,0,1,243.83644671501668
31,0,1,263.5246509851413
31,0,1,202.73619303507735
31,0,1,211.79806830169323
31,0,1,231.83889867294278
31,0,1,226.40219729998904
31,0,2,235.2711885963466
31,0,2,218.91432067194177
31,0,3,211.34694418331793
31,0,3,228.69373152338235
31,0,3,201.79205321861338
31,0,3,216.7062303930291
31,0,3,253.1794252458449
31,0,3,197.86836301227447
31,0,3,218.43019584378112
31,0,3,195.8749811568893
31,0,3,234.57109855388708
31,0,3,224.52450426385252
31,0,3,235.08032803688542
31,0,3,253.13816038424216
31,0,3,216.92335828815413
31,0,3,201.79682146425526
31,0,3,167.21481559325622
31,0,4,203.58612032119018
31,0,4,220.19197960042996
31,0,4,243.50611960144147
31,0,4,236.0325284957711
31,0,4,181.54421749311268
31,1,0,216.1305499503276
31,1,0,217.58317399066047
31,1,0,219.99958306111202
31,1,0,214.3468188615911
31,1,1,236.92010468174792
31,1,1,249.65393537072842
31,1,1,222.34703451198322
31,1,1,244.88122824650367
31,1,3,231.20389915899267
31,1,3,264.92418645892155
31,1,3,234.78461316660062
31,1,3,232.2034712633523
31,1,3,229.29991605287833
31,1,3,225.35765671486442
31,1,3,228.22446140657976
32,0,0,248.07391240125554
32,0,0,232.33084900542542
32,0,0,236.6480240126128
32,0,0,218.36866610634354
32,0,0,231.58512709760424
32,0,0,232.70434459665728
32,0,1,233.47669568057142
32,0,1,188.63212585922338
32,0,3,225.29789931765455
32,0,3,216.9114310208983
32,0,3,240.2565926628059
32,0,3,242.98928320225218
32,0,3,245.71705653363813
32,0,3,238.47156990850254
32,0,3,244.2002880918747
32,0,3,214.85198016616957
32,0,3,250.45715116455509
32,0,3,239.07142354147945
32,0,3,233.26103369294412
32,0,3,255.61955256083257
32,0,3,188.68811799091856
32,0,3,216.09526467400377
32,0,3,217.5711087245087
32,0,3,209.92014952616177
32,0,3,231.87659833086852
32,0,3,243.89751467817462
32,0,3,232.53140264630537
32,0,3,209.59425065216834
32,0,3,204.04426858157814
32,0,3,220.89793741376596
32,0,3,185.85941656205443
32,0,3,227.11890660587534
32,0,3,228.37724925306122
32,0,3,236.4467620762293
32,0,3,206.46607757537106
32,0,3,243.70933572468073
32,0,3,219.4458092712341
32,0,3,214.8877219628918
32,0,3,213.01057998311182
32,0,3,221.11061805709258
32,0,3,197.8410437042142
32,0,3,201.66046392940336
32,1,0,248.37923473942033
32,1,0,256.40965682433193
32,1,0,226.34912545466682
32,1,0,241.31756856851572
32,1,0,211.89228861067107
32,1,0,241.25588681336046
32,1,1,252.53730743378134
32,1,1,220.92199141953625
32,1,1,237.8983262776974
32,1,3,233.5566512475762
32,1,3,226.65582887942958
32,1,3,223.94559544117672
32,1,3,244.18835587542765
32,1,3,241.9292775191577
32,1,3,243.24455229900371
32,1,3,199.72032498104693
32,1,3,213.53013708776513
33,0,0,237.97934057252328
33,0,0,229.6752645656081
33,0,0,217.59045647788744
33,0,0,260.9127360128326
33,0,0,249.5811157761112
33,0,1,240.03447592971003
33,0,1,249.13024279134908
33,0,2,228.948108932239
33,0,3,205.5215888825296
33,0,3,224.73325832209832
33,0,3,264.4923632737424
33,0,3,217.7061569654848
33,0,3,238.00445421715148
33,0,3,239.10922405439214
33,0,3,221.36656591756864
33,0,3,238.8067362885044
33,0,3,212.6796490331189
33,0,4,225.30159537852296
33,0,4,224.23378596343414
33,1,0,212.80203123791767
33,1,0,248.62219131995096
33,1,0,214.47943432709678
33,1,1,242.7785105705702
33,1,1,245.49721297391267
33,1,3,272.53544138087636
33,1,3,219.88339533345857
33,1,3,223.17004050379987
34,0,0,239.97400638285472
34,0,0,250.7278349815229
34,0,0,215.45391924613412
34,0,0,213.50161409492466
34,0,0,230.36680762421992
34,0,0,214.46720941445702
34,0,0,176.08883628497526
34,0,0,239.30270816855392
34,0,0,235.53209621272794
34,0,1,226.79131864452535
34,0,1,232.34002066367088
34,0,2,239.9725323651271
34,0,2,223.02292768212544
34,0,3,216.28123642402045
34,0,3,231.02324144242175
34,0,3,224.22852039995655
34,0,3,209.08825590383276
34,0,3,228.0741716598558
34,0,3,214.26254494431268
34,0,3,238.77252359156557
34,0,3,242.69331693565223
34,0,3,254.0015281254919
34,0,3,201.8049923067299
34,0,3,217.7196998213589
34,0,3,219.429501834995
34,0,3,226.18939426481143
34,0,3,251.42701006170563
34,0,3,208.9192809309955
34,0,3,243.48684192470222
34,0,3,200.67357431975043
34,0,3,218.37565494613784
34,0,3,236.24282712210618
34,0,3,241.6875935825308
34,0,3,226.0666423364589
34,0,3,216.2293756936734
34,0,3,235.13512460796036
34,0,3,209.67529981774857
34,0,3,223.4740073098586
34,0,3,206.88605364872745
34,0,3,222.2249904925711
34,0,3,214.31179944747123
34,0,3,204.83912955286098
34,0,3,240.54660662249304
34,0,3,228.6087267275216
34,0,3,218.53275257391803
34,0,3,249.492317935335
34,0,3,249.492317935335
34,0,3,216.31971210503679
34,0,3,220.83341794429813
34,0,3,218.89006394502172
34,0,3,260.446124973069
34,0,3,220.97519788964422
34,0,3,226.41396099553037
34,0,3,186.1474741694713
34,0,3,227.06353379940558
34,0,3,227.77062276391865
34,0,3,240.07793549718986
34,0,3,233.9131794984445
34,0,3,217.94416236574463
34,0,3,240.15935632875792
34,0,3,224.68952874689438
34,0,3,239.57928735298597
34,0,3,236.7316274698494
34,0,3,246.94680688172838
34,0,3,224.94051327000386
34,0,3,221.8184511331762
34,0,3,251.97435256234706
34,0,3,205.50320427376028
34,0,3,227.7948362819268
34,0,3,212.83152385620116
34,0,3,217.06226437912443
34,0,3,258.4026125297693
34,0,3,239.35838047361
34,0,3,227.0836010797267
34,0,3,209.8414826403247
34,0,3,243.08448234423795
34,0,3,244.4711963162597
34,0,3,248.14591439950368
34,0,4,212.33597892916669
34,0,4,233.02861689325982
34,1,0,250.36407931799408
34,1,0,257.00845523855776
34,1,0,218.51908207800474
34,1,0,233.13773754859568
34,1,0,223.0623342247149
34,1,0,245.96146636705527
34,1,0,235.67997438062508
34,1,0,235.92987559196303
34,1,0,213.0254610572727
34,1,1,239.74686906174907
34,1,1,238.70248507905401
34,1,1,247.2931067782908
34,1,3,248.44817266596846
34,1,3,233.5567669729149
34,1,3,270.03656705781447
34,1,3,222.3244473767715
34,1,3,242.71906444849583
34,1,3,265.3232275664086
34,1,3,217.41411495715565
34,1,3,225.18197119441123
34,1,3,208.5586914669186
34,1,3,223.04332572672587
34,1,3,216.68638429273406
34,1,3,218.86603489710848
34,1,3,214.63722845563115
34,1,3,237.22908919451896
35,0,0,214.23069870362593
35,0,0,257.68674658386584
35,0,0,246.42002270374803
35,0,0,225.3010100353525
35,0,0,219.9152626602933
35,0,0,223.0049550500516
35,0,0,243.6692362438725
35,0,0,210.01799830826735
35,0,0,228.60846266732017
35,0,0,219.22658962372213
35,0,0,212.666633772108
35,0,0,202.79548500684544
35,0,0,253.47890025714344
35,0,0,263.52682742793013
35,0,0,262.0024661286837
35,0,0,238.8722134354326
35,0,0,241.3593566864006
35,0,0,219.0181935167087
35,0,0,250.4901597724814
35,0,0,227.2017403357557
35,0,0,168.3802580683485
35,0,0,235.74806753895055
35,0,0,251.44472582675826
35,0,0,219.9164096141364
35,0,0,248.57814655490802
35,0,0,243.68296176988565
35,0,0,231.01150623555782
35,0,0,258.8595144104995
35,0,0,212.41935047833795
35,0,0,216.3506134835015
35,0,1,217.47410173030477
35,0,1,228.7376157555792
35,0,1,225.20979492821218
35,0,1,261.68659648580297
35,0,1,213.2433564174587
35,0,2,246.80746947793352
35,0,2,237.88813359589258
35,0,2,240.78677821077872
35,0,3,195.75518473229113
35,0,3,225.36088812375738
35,0,3,203.9647313208244
35,0,3,237.0952487711546
35,0,3,220.22725278344302
35,0,3,217.00784618616467
35,0,3,221.9328370929997
35,0,3,207.23609544191783
35,0,3,220.94353878812205
35,0,3,226.7001458179037
35,0,3,225.5143811518202
35,0,3,206.38113736637285
35,0,3,231.614910085108
35,0,3,273.8011657616512
35,0,3,212.4879797299718
35,0,3,247.2526241662635
35,0,3,242.06439255582882
35,0,3,219.95525870425533
35,0,3,200.735919256737
35,0,3,245.5098827926734
35,0,3,221.35653865096555
35,0,3,244.22871002857127
35,0,3,223.93825713240662
35,0,3,214.96065360973859
35,0,3,216.12972872389477
35,0,3,231.21723007557756
35,0,3,205.59248664707533
35,0,3,216.12217957247316
35,0,3,263.18826467672636
35,0,3,210.10536255751072
35,0,3,222.02224493546157
35,0,3,229.61443605648506
35,0,3,207.98335867212276
35,0,3,223.84308743525133
35,0,3,240.18445053111196
35,0,3,239.51738085910142
35,0,3,247.51997586746467
35,0,3,232.5768456747419
35,0,3,210.45191935726115
35,0,3,272.57218117804257
35,0,3,216.5356962807375
35,0,3,244.85374867821713
35,0,3,238.84797298068474
35,0,3,238.3631868578951
35,0,3,241.72108094804582
35,0,3,274.2938618437356
35,0,3,253.47890025714344
35,0,3,151.49321305417507
35,0,3,239.27835214927012
35,0,3,228.46666840154234
35,0,3,255.9754992754305
35,0,4,236.93608133751496
35,1,0,232.92796120910305
35,1,0,239.55570469878973
35,1,0,206.4548885296972
35,1,0,233.46311254665423
35,1,0,263.19370772561916
35,1,0,218.746986450717
35,1,0,233.16146531514795
35,1,0,212.66690937552025
35,1,1,252.32860003443338
35,1,1,216.63680581556747
35,1,1,231.15719330652337
35,1,2,226.4669618104387
35,1,3,237.33798441841245
35,1,3,220.45841194923577
35,1,3,248.90336808254892
35,1,3,226.45452171078563
35,1,3,223.98158902853788
35,1,3,267.28201217380706
35,1,3,245.31684703907214
35,1,3,240.80130516398214
35,1,3,236.5075348270146
35,1,3,263.97457910559694
36,0,0,238.90415359553032
36,0,0,231.5971634132788
36,0,0,212.7389803120599
36,0,0,250.31681990341318
36,0,0,241.4237373973649
36,0,0,207.58290968755227
36,0,0,215.4525091993923
36,0,0,244.1246252578931
36,0,0,199.3205140791875
36,0,0,224.48380882528454
36,0,0,256.6866944516993
36,0,0,226.42890763857898
36,0,1,190.7216542379488
36,0,1,219.9909726051526
36,0,1,207.6521520634863
36,0,1,228.5148721046471
36,0,1,240.14249575186966
36,0,3,219.1923309158661
36,0,3,238.92044750655663
36,0,3,211.1371388735347
36,0,3,224.41580180113658
36,0,3,207.56753966532096
36,0,3,212.62723877452248
36,0,3,249.71030315518425
36,0,3,234.01287807838958
36,0,3,214.77847332745185
36,0,3,258.76486289498223
36,0,3,221.1815215415301
36,0,3,213.46529748829892
36,0,3,204.45962021214626
36,0,3,226.69103663744764
36,0,3,198.29641586970237
36,0,3,224.1944734179778
36,0,3,219.73958125145776
36,0,3,233.98907338931957
36,0,3,212.26231695092122
36,0,3,232.80982203789677
36,0,3,210.8121814263078
36,0,3,197.8821344268348
36,0,3,254.4994951289969
36,0,3,254.43746458738156
36,0,3,233.19126242597548
36,0,3,237.01386036139832
36,0,3,204.02274337245095
36,0,3,232.10058514144077
36,0,3,225.26634826113713
36,0,3,240.3858566085001
36,0,3,232.65481888196007
36,0,3,212.99273662543163
36,0,3,233.3997534935898
36,0,3,235.8669567736025
36,0,3,235.07683589874185
36,0,3,241.24911426316788
36,0,3,247.84929752827807
36,0,3,221.66872512025944
36,0,3,241.06081238871417
36,0,3,235.8091489436871
36,0,3,231.66944252387884
36,0,3,259.6237898078791
36,0,3,225.36767863151238
36,0,3,255.80635754954167
36,0,3,247.48747307581112
36,0,3,236.36561832139424
36,0,3,239.67608058585589
36,0,3,254.26705933867828
36,0,3,198.5809811033812
36,0,3,219.35073789673504
36,0,3,218.61558367942163
36,0,3,210.86411789817296
36,0,3,231.95675766965326
36,0,3,260.8215980119995
36,0,3,226.33199068741916
36,0,3,226.33199068741916
36,0,3,208.03652963485416
36,0,3,225.11825337249007
36,0,3,234.20870405920687
36,0,3,224.00228925089027
36,0,3,234.66026383236738
36,0,3,229.733742033108
36,1,0,236.06572883929817
36,1,0,215.27992681587722
36,1,1,250.61482656788883
36,1,2,241.3265298884126
36,1,2,200.6578238998713
36,1,3,230.6583723462332
36,1,3,258.44619186036994
36,1,3,273.6954145477514
36,1,3,265.1535457448316
36,1,3,237.220953650589
36,1,3,204.40922104874326
36,1,3,214.83186516998416
36,1,3,230.04561179846914
36,1,3,221.14601202203625
36,1,3,213.50106311870593
36,1,3,200.100771183127
36,1,3,239.99321307688106
37,0,0,227.20772820072315
37,0,0,241.46148893550176
37,0,0,234.40816609054428
37,0,0,191.75437292979484
37,0,0,205.14792510243643
37,0,0,203.3691610032514
37,0,0,219.25714684074615
37,0,0,210.51816114439217
37,0,2,192.4714435033805
37,0,2,235.79415311549877
37,0,2,200.59153722949037
37,0,3,170.17633719429352
37,0,3,209.7826073091666
37,0,3,247.90684209318923
37,0,3,236.18201571230114
37,0,3,264.3695509756203
37,0,3,227.20772820072315
37,0,3,234.0810596711145
37,0,3,244.0759928097448
37,0,3,223.67050136508755
37,0,3,200.14049730274382
37,0,3,260.44103207397904
37,0,3,225.84427435458645
37,0,3,226.83795219789994
37,0,3,232.1844459213574
37,0,3,227.4721061541249
37,0,3,184.5975363223086
37,0,3,241.46148893550176
37,0,3,242.56444665215326
37,0,3,231.2085541020138
37,0,3,190.8545028366388
37,0,3,227.35644549441764
37,0,3,248.62003868745154
37,0,3,184.80450233238463
37,0,3,220.59479254283983
37,0,3,245.73265394903757
37,0,3,244.81133819395694
37,0,3,235.92236303693306
37,0,3,231.2085541020138
37,0,3,223.8016071293306
37,0,3,200.0084118196507
37,0,3,181.63582635551427
37,0,3,176.5713288166803
37,0,3,184.5959468885745
37,0,3,221.35214497540065
37,0,3,205.90340269778602
37,0,3,223.79968091175752
37,0,3,238.61149850243652
37,0,3,215.60834709065554
37,0,3,229.42511188918814
37,1,0,254.45605050418698
37,1,0,245.58211424651256
37,1,1,259.32664459513467
37,1,3,245.64439600932064
37,1,3,234.268717330041
37,1,3,204.1153520555646
37,1,3,196.1721165513767
37,1,3,238.8702391141324
37,1,3,237.58308976028707
37,1,3,229.04186325950306
38,0,0,249.70438269040358
38,0,1,215.79478582016856
38,0,1,249.20954260422707
38,0,1,229.19788528106858
38,0,1,226.13058102962287
38,0,1,212.55280019422042
38,0,2,204.5393654124523
38,0,2,235.43586131504387
38,0,3,264.26125617420234
38,0,3,232.7120859981939
38,0,3,207.69576391335147
38,0,3,232.0472503530501
38,0,3,239.43649632260548
38,0,3,223.8826690997169
38,0,3,215.46851837616617
38,0,3,210.36165292555035
38,0,3,187.49321380480146
38,0,3,191.2854211509856
38,0,3,217.9914129348536
38,0,3,209.73691106794197
38,0,4,217.3563882755208
38,1,1,219.92938089238868
38,1,3,244.59251556742663
38,1,3,222.4483569843756
38,1,3,243.0557665776447
38,1,3,223.8826690997169
38,1,3,214.18830065307367
38,1,3,198.8126754646065
39,0,3,249.43373732685765
39,0,3,244.04089860531425
39,0,3,247.23150793117537
39,0,3,212.81938652447008
39,0,3,200.735919256737
39,0,3,240.53030294223655
39,0,3,238.82554114969807
39,0,3,186.0291431764083
39,0,3,252.80184243111862
39,0,3,234.628570633082
39,0,3,213.56421435041156
39,0,3,237.67985787318736
39,0,3,237.69303844878263
39,0,3,224.22758017227193
39,0,3,241.42910282879677
39,0,3,218.82903770613112
39,0,3,209.41362479846987
39,1,0,246.4904601299654
39,1,0,220.58126427787522
39,1,0,260.49032422632024
39,1,3,249.28025052970182
39,1,3,249.83869069558307
3,0,1,235.10873278182734
40,0,0,254.45133403042448
40,0,0,228.76221235195828
40,0,0,242.5279049497129
40,0,0,209.18042068715323
40,0,0,183.70843296925563
40,0,0,213.00485007024434
40,0,0,220.78995233267784
40,0,0,208.98023325902625
40,0,0,213.64749186221366
40,0,0,235.80439824935283
40,0,0,209.3604034703616
40,0,0,227.6343170346117
40,0,0,252.68246705498407
40,0,0,209.9689941530292
40,0,1,224.05276014806026
40,0,3,266.8135663546564
40,0,3,225.5726002863118
40,0,3,228.2064091453606
40,0,3,219.93193054966912
40,0,3,215.97897405198307
40,0,3,204.29452581729356
40,0,3,232.1752651541216
40,0,3,221.53915733803922
40,0,3,239.1704876634305
40,0,3,238.15559886482833
40,0,3,216.85341632749123
40,0,3,204.12180172084246
40,0,3,235.90531186642565
40,0,3,223.89494605992763
40,0,3,242.45856279400311
40,0,3,238.46321217457
40,0,3,239.76588933656635
40,0,3,244.58584230540703
40,0,3,241.84035928232277
40,0,3,227.94019631976943
40,0,3,218.00710689390496
40,0,3,238.06248384478732
40,0,3,207.96168097578632
40,0,3,258.9156053556511
40,0,3,232.82711085829436
40,0,3,206.16611482923912
40,0,3,268.409780361682
40,0,3,232.7557408952959
40,0,3,241.05338434360175
40,0,3,213.58516708779035
40,0,3,208.6590556052202
40,0,3,242.33312573050478
40,1,0,253.1456564522747
40,1,0,243.17330616932787
40,1,3,219.7148798723506
40,1,3,248.5407032818521
40,1,3,217.84582831467088
40,1,3,275.32951044867843
40,1,3,231.42162970889325
40,1,3,246.3132296241257
40,1,3,242.27646518262372
41,0,0,232.58049701340104
41,0,0,252.7095338458724
41,0,0,256.77965175934094
41,0,0,247.01079122270616
41,0,0,229.74353123440164
41,0,3,234.1607614980016
41,0,3,197.37364452418012
41,0,3,230.59938042456918
41,0,3,214.76306118881422
41,0,3,210.51720943942036
41,0,3,213.151502030248
41,0,3,232.49814048785834
41,0,3,212.8868029726923
41,0,3,209.69598259613346
41,0,3,214.51184057779014
41,0,3,225.68050286127135
41,1,0,238.2564526566485
42,0,0,228.50785382532416
42,0,0,228.7294387482026
42,0,0,214.92585478442612
42,0,0,222.8935193337117
42,0,2,190.1739059751429
42,0,3,248.08686144631685
42,0,3,228.9309692805909
42,0,3,224.88965061015858
42,0,3,226.63808582440325
42,0,3,222.6462218445397
42,0,3,240.92542967680936
42,0,3,230.79264455621853
42,0,3,213.51468445174018
42,0,3,204.72283457534078
42,0,3,206.63801542970702
42,0,3,248.77641817490482
42,0,3,250.8319883545812
42,0,3,217.01274801078787
42,0,3,248.77641817490482
42,1,0,224.63546703390193
42,1,0,228.32670364760855
42,1,0,222.99833374510627
42,1,0,179.0054611514265
42,1,1,229.05633029302334
42,1,3,261.7719561030096
42,1,3,233.67888939037192
42,1,4,233.61587569786866
43,0,0,236.45189530095755
43,0,0,239.86548758359714
43,0,0,220.08700471560903
43,0,0,229.31443204797029
43,0,0,243.17485075264128
43,0,0,216.61434385290968
43,0,0,224.90954706571017
43,0,0,208.56146383008945
43,0,3,210.39072024604374
43,0,3,222.56642709855595
43,0,3,235.34525267039768
43,0,3,205.39692251480326
43,0,3,222.2855504200658
43,0,3,224.04729645275137
43,0,3,224.15375279642694
43,0,3,223.73661237670876
43,0,3,270.71795309034746
43,0,3,236.01142008703016
43,0,3,229.755789986176
43,0,3,217.11970920447956
43,0,3,222.95972074061447
43,0,3,226.36586740250664
43,0,3,233.55787397656167
43,0,3,228.96003385510232
43,0,3,221.23077501004104
43,0,3,230.28241898637995
43,0,4,230.11189811039768
43,1,0,218.87419411823973
43,1,0,205.69964560499207
43,1,0,219.3472060442597
43,1,3,200.98292806222295
43,1,3,212.64039421855114
43,1,3,216.00358260811254
43,1,3,222.06599758505087
44,0,0,233.96550858055394
44,0,0,247.87064421906197
44,0,0,223.33843169247623
44,0,0,229.55088455367266
44,0,2,228.4074061436021
44,0,3,247.20256726153377
44,0,3,265.2121585210441
44,0,3,233.4285522297899
44,0,3,234.79407303354276
44,0,3,247.90684209318923
44,0,3,235.5593942657547
44,0,3,235.8249290284506
44,0,3,233.83061830838156
44,0,3,238.3256112981897
44,0,3,221.79486967342658
44,0,3,212.57468370042716
44,0,3,242.0960671769802
44,0,3,224.27369150752597
44,0,3,229.01538904984582
44,0,3,232.85805881556746
44,0,3,247.38514259181397
44,0,3,224.94622060389725
44,0,3,239.57305638862556
44,0,3,237.71837777984928
44,0,3,227.08711695647517
44,0,3,201.2210007753854
44,0,3,233.95861878930918
44,0,3,262.3726917967464
44,0,3,262.90130580227407
44,0,3,232.62173081128367
44,0,3,240.20983785009614
44,0,3,215.1720734429676
44,0,3,246.875008507455
44,0,3,261.69311270597507
44,0,3,224.6575520385278
44,0,3,211.50302918739067
44,0,3,212.75627284911147
44,1,3,270.70191076657557
44,1,3,238.92706408836804
44,1,3,222.9346125553713
44,1,3,243.91764014096935
44,1,3,239.90619100968127
44,1,3,227.20449394048924
44,1,4,234.45593354683768
45,0,0,213.4898257703939
45,0,0,217.03314526312977
45,0,0,233.90956635275697
45,0,0,204.0024977247751
45,0,0,192.48114126146905
45,0,0,239.3428107529911
45,0,0,198.61254703083415
45,0,0,232.76263495395256
45,0,0,229.2359314401744
45,0,0,219.89016512944298
45,0,0,189.95561676225472
45,0,0,221.05028019762057
45,0,0,228.19230855935865
45,0,0,225.62937042822242
45,0,0,220.83168265267895
45,0,0,215.17594070067622
45,0,0,237.87595600995928
45,0,0,208.80036074577407
45,0,0,219.79940654246974
45,0,0,236.1844020132079
45,0,0,232.02856540540006
45,0,0,250.67589674639208
45,0,0,194.21704299678493
45,0,0,225.99886878956175
45,0,0,213.8803194779763
45,0,0,244.076161393584
45,0,1,242.29051511604465
45,0,1,212.92572932775545
45,0,1,262.92848282572334
45,0,2,233.48823857939314
45,0,2,222.79210611214933
45,0,3,253.0703199173788
45,0,3,208.4176913509503
45,0,3,215.11573964955733
45,0,3,222.56642709855595
45,0,3,217.62845957924804
45,0,3,242.34040156816513
45,0,3,250.71852776492264
45,0,3,234.83810592852035
45,0,3,221.94202134346068
45,0,3,241.69023778064707
45,0,3,210.3963065764134
45,0,3,243.47115914050184
45,0,3,204.0024977247751
45,0,3,226.19224008622137
45,0,3,247.0755735737343
45,0,3,230.30423538258142
45,0,3,233.81337856229948
45,0,3,237.5664098960994
45,0,3,202.84415457305874
45,0,3,208.34742716866594
45,0,3,233.0727325224791
45,0,3,214.11122809389647
45,0,3,216.71001038702732
45,0,3,214.66886246570715
45,0,3,224.53145711361833
45,0,3,227.82123378636112
45,0,3,227.82123378636112
45,0,3,228.4085463523405
45,0,3,220.7683866697344
45,0,3,248.79430161187358
45,0,3,243.3754797636623
45,0,3,232.02540543892337
45,0,3,220.56369745218035
45,0,3,216.98201595015905
45,0,3,168.50968670977812
45,0,3,245.3648919374247
45,0,3,253.5818370570855
45,0,3,199.78209990274723
45,0,3,230.52037931381238
45,0,3,228.08332887329846
45,0,3,202.26143176260302
45,0,3,241.33737924069197
45,0,3,213.91364904298882
45,0,3,247.37456419587153
45,0,3,236.11941903197544
45,0,3,233.97002084517518
45,0,3,266.43502976739865
45,0,3,256.820160643125
45,0,3,216.34813205341825
45,0,3,178.93960039615123
45,0,3,226.18990376218147
45,0,3,240.03215278531496
45,0,3,221.67348526461836
45,0,3,207.64894297257922
45,0,3,223.7466135026615
45,0,3,223.9499265751649
45,0,3,223.03404352759935
45,0,3,218.21130963744218
45,0,3,238.36482664225355
45,0,3,218.0393579871183
45,0,3,224.9524742358504
45,0,3,248.7191679668069
45,0,3,219.42039233464465
45,0,3,218.768078406663
45,0,3,213.21662999672708
45,0,3,222.73472069565278
45,0,3,207.14298084973237
45,0,3,200.01357643313094
45,0,3,251.5233589803549
45,0,3,239.310479844881
45,0,3,221.7911617773571
45,0,3,239.1887312761069
45,0,3,207.3277861874679
45,0,3,243.23335377654047
45,0,3,204.4963048533392
45,0,3,262.1157665393889
45,0,3,216.11538221082947
45,0,3,248.555355026246
45,0,3,229.47907919774724
45,0,3,195.5528172552395
45,0,4,253.4785660339524
45,0,4,211.22862361766863
45,1,0,217.81727763758767
45,1,0,212.19586441543333
45,1,0,206.78193927211908
45,1,1,236.14432278264945
45,1,3,237.60819475106558
45,1,3,216.86698229044228
45,1,3,258.5847629559437
45,1,3,199.98791684781764
45,1,3,203.03360733492912
45,1,3,204.45257424629125
45,1,3,233.2411444670348
45,1,3,233.3839896802826
45,1,3,191.4204509900061
45,1,3,263.2019193935554
45,1,3,219.0467949206471
45,1,3,265.4137193754125
46,0,0,197.7497253749331
46,0,0,221.05535501920457
46,0,0,246.64829004948137
46,0,3,219.93204128725603
46,0,3,190.1018557227336
46,0,3,220.88409589186247
46,0,3,208.44084828233963
46,0,3,251.12918452151288
46,0,3,210.21256220160782
46,0,3,191.68222907714744
46,0,3,251.8030342038599
46,0,3,270.71795309034746
46,0,3,247.62676930617334
46,0,3,229.2966340807029
46,0,3,216.43300886009098
46,0,3,224.76120273558473
46,0,3,190.27651096584205
46,0,3,233.13820596029547
46,0,3,203.95822593578166
46,0,3,217.76105035414628
46,0,3,205.27992264635776
46,0,3,218.53743864435893
46,0,3,246.63287235629403
46,0,3,211.703833665129
46,0,3,229.90873173999603
46,0,3,227.23737691847396
46,0,4,229.71463184100986
46,1,0,258.1667492448861
46,1,0,233.80930372990235
46,1,0,221.6640853541337
46,1,1,246.9658610330686
46,1,3,238.8775364819408
46,1,3,241.0516888811273
46,1,3,183.05354869289204
47,0,0,235.6744455152212
47,0,0,228.0591977740982
47,0,0,237.7360273985248
47,0,0,203.70460267665038
47,0,0,248.91629754284165
47,0,0,211.9397101823743
47,0,0,204.62702855777195
47,0,0,254.24040592453127
47,0,0,244.75249000858247
47,0,3,170.17633719429352
47,0,3,252.41630020946383
47,0,3,222.56313011025813
47,0,3,221.92668649556498
47,0,3,226.65678684297995
47,0,3,248.22905517563174
47,0,3,250.10394656350275
47,0,3,221.3086434282305
47,0,3,250.5981358901404
47,0,3,224.04991391930093
47,0,3,244.85140130118367
47,0,3,245.80231835090532
47,0,3,238.17530875690056
47,0,3,213.02983331229441
47,0,3,218.35489070394988
47,0,3,214.2214322871796
47,0,3,240.7960464217147
47,0,3,258.8730823690938
47,0,3,241.30271494297537
47,0,3,213.72383423482057
47,0,3,240.07320872149094
47,0,3,264.40735486558924
47,0,3,248.60938969838696
47,0,3,219.43950631430255
47,1,0,227.52336513995022
47,1,0,193.13699743329744
47,1,3,216.68638429273406
47,1,3,244.33524762313436
47,1,3,234.6060700822818
47,1,3,231.82341591793346
48,0,0,222.8341757513781
48,0,0,218.93743770787242
48,0,0,198.26829893066628
48,0,0,226.85044848769977
48,0,0,224.6607765585391
48,0,0,259.6138683148473
48,0,0,236.18602676250148
48,0,1,225.4653720889859
48,0,3,225.09527688273474
48,0,3,218.4116126217684
48,0,3,278.31990444991413
48,0,3,257.4041071895978
48,0,3,221.73371831943257
48,0,3,229.58444021127508
48,0,3,233.00056493528908
48,0,3,222.0534054954254
48,0,3,242.34116608499448
48,0,3,213.6020952832942
48,0,3,238.0546326101324
48,0,3,228.15521018028937
48,0,3,207.23913689815484
48,0,3,223.53034093580612
48,0,3,250.87380456268664
48,0,3,190.98129077403456
48,0,3,211.84414206467846
48,0,3,238.1990008881006
48,1,0,239.348464515238
48,1,0,200.7886836817853
48,1,0,247.6125359802661
48,1,0,253.85818180936218
48,1,3,234.99441976252433
48,1,3,234.1530201359148
49,0,0,233.93521708405405
49,0,0,233.32885090161028
49,0,0,245.80231835090532
49,0,0,224.31123350995813
49,0,0,214.95314710633852
49,0,1,231.30285526061672
49,0,3,215.5458498684626
49,0,3,233.32885090161028
49,0,3,236.24699029924756
49,0,3,241.31862001726716
49,0,3,245.6278159060459
49,0,3,248.7191679668069
49,0,3,229.27106019608553
49,0,3,207.96378852172757
49,0,3,239.62452539155396
49,0,3,237.06216368633343
49,1,3,247.6263786224578
4,0,3,215.30818768594202
4,0,3,259.69668964685485
4,1,0,259.61099724104827
4,1,0,248.74948694360384
4,1,3,245.92632183116007
4,1,3,253.96345477130976
50,0,0,241.3519107582974
50,0,0,221.88832285746065
50,0,0,225.15533940985478
50,0,0,218.93520797231673
50,0,0,227.9544568117979
50,0,0,208.97171101625304
50,0,0,224.4935307973326
50,0,0,199.20385144927835
50,0,0,245.1255838664145
50,0,0,221.9561986288333
50,0,0,175.77813582475517
50,0,0,218.70765122351946
50,0,0,233.26709248368624
50,0,0,239.09974006653994
50,0,0,245.36422922430586
50,0,0,226.47409023656837
50,0,0,223.50999965696303
50,0,0,206.28279906798997
50,0,0,239.6807564302306
50,0,0,249.53643622748262
50,0,0,239.82723142490232
50,0,0,229.45593032203544
50,0,1,208.86583178352288
50,0,1,230.42049144214997
50,0,1,240.99745916427474
50,0,1,235.79846250460577
50,0,2,257.70030581684233
50,0,3,199.224632246616
50,0,3,214.2882922219209
50,0,3,226.05493511403535
50,0,3,227.92480831468248
50,0,3,237.2277544236291
50,0,3,225.6138605766265
50,0,3,237.36919115276672
50,0,3,221.128007017504
50,0,3,235.30670528519227
50,0,3,233.82732638346795
50,0,3,202.60627649460233
50,0,3,249.74654754947113
50,0,3,211.39991832816452
50,0,3,242.39319041767106
50,0,3,227.2994851027496
50,0,3,264.6534875821122
50,0,3,202.07741764745015
50,0,3,244.70351410327842
50,0,3,253.8148477043979
50,0,3,225.7604768602178
50,0,3,234.1918209338784
50,0,3,241.51148071555625
50,0,3,232.5837235364728
50,0,3,235.03610953638542
50,0,3,230.24943778875866
50,0,3,230.16798895996504
50,0,3,245.75368748459368
50,0,3,227.6042619273921
50,0,3,278.1523550600996
50,0,3,254.1212711701442
50,0,3,232.3119431514521
50,0,3,186.95859311086195
50,0,3,226.89036558761705
50,0,3,218.25419206895447
50,0,3,223.32336555501035
50,0,3,227.23737691847396
50,0,3,229.39057530654298
50,0,3,229.92879460358486
50,0,3,228.48260007291344
50,0,3,242.00774132019694
50,0,3,221.55076885845858
50,0,3,214.903543776866
50,0,3,235.72708279266374
50,0,3,228.55324902240955
50,0,3,184.93819806857238
50,0,3,234.57875938891516
50,0,3,259.5585519114102
50,0,3,218.16641163798602
50,0,3,214.2934161707063
50,0,3,252.87826881834795
50,0,3,234.26434901926808
50,0,3,242.4994886824633
50,0,3,209.2980873437521
50,0,3,218.07121749317207
50,0,3,222.52922286515823
50,0,3,225.41514424285114
50,0,3,215.30433912472634
50,0,3,246.39327057143288
50,0,3,229.92360334590762
50,0,3,232.24482873724597
50,0,3,223.25684229008448
50,0,3,245.17915692453585
50,0,3,252.99296432683556
50,0,3,238.24546411433604
50,0,3,237.0929638542284
50,0,3,218.06403262583387
50,0,3,255.06155511277996
50,0,3,247.77706161703665
50,1,0,229.31063573400766
50,1,0,238.3933211854624
50,1,0,249.94198604084804
50,1,0,188.72227906405482
50,1,0,244.03424089176212
50,1,0,212.62800079387716
50,1,0,254.80739187096907
50,1,0,231.6196721922484
50,1,1,243.76231165216825
50,1,1,235.84469564308296
51,0,0,251.900752369221
51,0,0,249.53863887923615
51,0,0,221.29318346039432
51,0,0,230.19436331893579
51,0,0,235.02996591681122
51,0,0,215.75894779396245
51,0,0,195.97028421988222
51,0,0,242.68985489906908
51,0,0,226.70934762239833
51,0,3,225.8165884832726
51,0,3,261.1786666547705
51,0,3,207.2445073257708
51,0,3,254.83814219511754
51,0,3,215.94960265652998
51,0,3,234.6089434754619
51,0,3,230.96866601409351
51,0,3,235.79195031745672
51,0,3,234.60079191007185
51,0,3,217.09821558623884
51,0,3,220.36577609746348
51,1,0,242.55322728860523
51,1,1,233.9960933668538
52,0,0,231.85594869920976
52,0,0,203.13259825608068
52,0,0,236.12427732735466
52,0,0,203.53393610715491
52,0,0,252.64561162128007
52,0,0,220.29327418233217
52,0,0,231.9844058101923
52,0,0,244.04937874889296
52,0,0,254.184349597483
52,0,0,243.22697289601075
52,0,1,230.33026106741653
52,0,1,230.82893444881256
52,0,3,252.2356666442831
52,0,3,229.6062356161064
52,0,3,242.44368304683852
52,0,3,224.84807638612392
52,0,3,244.46389191741906
52,0,3,233.32552088071608
52,0,3,267.5863156543678
52,0,3,239.34361919422597
52,0,3,250.8751829926719
52,0,3,231.0852542546962
52,0,3,228.6987809673777
52,0,3,252.74482472468583
52,0,3,255.86222690209758
52,0,3,231.01544228635152
52,0,3,243.54745582893008
52,0,3,200.02617849302416
52,0,3,248.2234146008972
52,0,3,216.16236583074448
52,0,3,225.82392085845993
52,0,3,202.2355329192593
52,0,3,244.3398242892127
52,0,3,239.1071065347104
52,1,0,223.73453814734424
53,0,0,244.10456516489754
53,0,0,248.0582349598848
53,0,0,227.57787764127664
53,0,0,204.4011738834441
53,0,0,237.30513832199046
53,0,0,236.66861631041968
53,0,0,232.74771540960214
53,0,0,225.27859356908283
53,0,0,252.1819247832048
53,0,0,261.0677198866008
53,0,0,257.3332405932139
53,0,0,247.59868990894392
53,0,0,259.0231513266169
53,0,1,247.7368901599271
53,0,1,229.19960374268612
53,0,1,232.01694472714348
53,0,2,230.65238458890764
53,0,3,219.13205532285448
53,0,3,256.66222996446504
53,0,3,258.6516154403823
53,0,3,210.9852198510257
53,0,3,217.57612280780072
53,0,3,238.3427142277908
53,0,3,235.13059951809004
53,0,3,233.31489707658366
53,0,3,231.10765003229733
53,0,3,211.9814853657809
53,0,3,260.4206043221458
53,0,3,243.500401676606
53,0,3,227.14896818703386
53,0,3,250.8507058917328
53,0,3,235.51379118764135
53,0,3,226.44396653664083
53,0,3,230.85474641927217
53,0,3,224.66581247074436
53,0,3,244.96703130366177
53,0,3,231.74015489571462
53,0,3,261.8774813323338
53,0,3,247.92267038572308
53,1,0,250.4052938315365
53,1,0,245.63400816601387
53,1,3,249.38732488251753
53,1,3,198.66292040747493
53,1,3,236.69628857916442
54,0,0,238.36951443326552
54,0,0,254.03040521048868
54,0,0,246.58285292400546
54,0,0,218.24903785010557
54,0,0,238.34398541328972
54,0,0,220.53066286589322
54,0,0,227.52425942517652
54,0,0,243.73431383320735
54,0,0,216.79577102959087
54,0,0,236.93797291096448
54,0,0,244.51987134883495
54,0,0,202.65924441133774
54,0,0,211.4632425761741
54,0,0,245.31747836591916
54,0,0,235.44241430780386
54,0,0,244.1070153131601
54,0,0,251.12024945853307
54,0,0,221.94478462702907
54,0,0,236.00692595237314
54,0,0,245.91765197634604
54,0,0,255.32031730567408
54,0,0,254.71977747685474
54,0,0,261.72632373441195
54,0,0,201.34396143586082
54,0,0,238.44649267524608
54,0,0,248.36935049013294
54,0,1,237.03270793467476
54,0,1,242.75155913194035
54,0,1,245.57342562449003
54,0,2,243.31415760420987
54,0,2,208.3411991436717
54,0,3,241.10765791943925
54,0,3,243.14694087462289
54,0,3,200.65942754536022
54,0,3,237.08144098853154
54,0,3,231.17525963921793
54,0,3,212.8199709449534
54,0,3,219.6557384281832
54,0,3,251.9520799006898
54,0,3,224.5342737273993
54,0,3,226.93962268926515
54,0,3,202.22044663860487
54,0,3,228.53136846635175
54,0,3,235.6921503194006
54,0,3,270.1839574110127
54,0,3,226.12850143579354
54,0,3,225.46483714988165
54,0,3,234.96883084468243
54,0,3,239.06831567027314
54,0,3,248.11386617129543
54,0,3,236.42068808930514
54,0,3,200.02217439788842
54,0,3,230.44057146234564
54,0,3,231.15693959616482
54,0,3,208.0672569337499
54,0,3,242.66124584217602
54,0,3,230.21859195726626
54,0,3,206.9618245587974
54,0,3,258.5212084066562
54,0,3,254.94630168392078
54,0,3,250.14640990652265
54,0,3,235.73384033238244
54,0,3,219.43074481386952
54,0,3,209.39406114391045
54,0,3,224.63522987961338
54,0,3,239.73052634067577
54,0,3,248.10268478053487
54,0,3,237.16568139308976
54,0,3,236.88500605910554
54,0,3,228.40756034398487
54,0,3,249.39434759797444
54,0,3,247.29523315521033
54,0,3,226.41547435149167
54,0,3,247.8538244915481
54,0,3,233.03782096147285
54,0,3,225.76081494726003
54,0,3,206.8251419564843
54,0,3,223.35383856171288
54,0,3,264.4678784452773
54,0,3,224.48156523598692
54,0,3,227.1622067393218
54,0,3,243.6459098852679
54,0,3,196.13578929547737
54,0,3,207.7397021966317
54,0,3,233.66232904686143
54,0,3,248.78097956986545
54,0,3,238.9536103779746
54,0,3,225.53132459850923
54,0,3,219.59419763523005
54,0,3,217.88826933721282
54,0,3,229.86884131547038
54,0,3,213.68596474860604
54,0,3,217.2494499058975
54,0,3,226.80076562623825
54,1,1,236.24245030657573
54,1,3,255.1142864529156
54,1,3,215.33342072678826
54,1,3,233.0625159044668
54,1,3,246.36589916715602
54,1,3,247.33540148610774
55,0,0,241.01400323665854
55,0,0,238.07226272568442
55,0,0,212.31291426015096
55,0,0,240.4789360353368
55,0,0,218.83225257614632
55,0,0,236.4708845763715
55,0,0,241.0678023710093
55,0,0,247.3848660179267
55,0,0,239.86286482602517
55,0,0,252.79563865323627
55,0,0,259.71848770144084
55,0,0,246.24641357339206
55,0,0,251.67283197199535
55,0,0,220.6607839790318
55,0,0,233.4958669998266
55,0,0,216.9848053610642
55,0,0,238.32437477612487
55,0,0,215.26065012502443
55,0,0,227.1680278398649
55,0,0,235.11990136149225
55,0,0,233.87019732420669
55,0,0,220.56971878451483
55,0,0,261.8113511811548
55,0,0,233.931331508337
55,0,0,238.15009355486262
55,0,1,248.27951383602453
55,0,3,249.29262766210044
55,0,3,219.45366101901436
55,0,3,238.4801068711503
55,0,3,227.99539635096346
55,0,3,226.9553282580019
55,0,3,206.74216581397548
55,0,3,204.94794107753262
55,0,3,237.43897672374277
55,0,3,241.0429654530506
55,0,3,231.96602645363595
55,0,3,210.147127406273
55,0,3,220.6727519686858
55,0,3,230.77343298063056
55,0,3,226.2077175262164
55,0,3,224.11005306025845
55,0,3,243.39736450888518
55,0,3,218.14745406488845
55,0,3,230.10875456385543
55,0,3,251.5348213200947
55,0,3,265.4645191991835
55,0,3,220.79514156141414
55,0,3,260.85953488598153
55,0,3,245.159215457386
55,0,3,231.1407544907221
55,0,3,219.82802021500174
55,0,3,270.86948744076284
55,0,3,237.40058707665895
55,0,3,234.1243324839145
55,0,3,220.18063071213447
55,0,3,233.97002084517518
55,0,3,220.79109687119964
55,0,3,229.6595584832391
55,0,3,256.7085579032124
55,0,3,218.93182623382273
55,0,3,235.6921503194006
55,0,3,204.73186852931613
55,0,3,232.53217060011883
55,0,3,211.91616056697535
55,0,3,244.9373657713214
55,0,3,266.8970756648993
55,0,3,243.5136459039286
55,0,3,225.71495137025755
55,0,3,249.33623117314607
55,0,3,256.3318160095223
55,0,3,239.24283950532055
55,0,3,233.06285616311723
55,0,3,233.6231966341622
55,0,3,229.37003014018993
55,0,3,204.63000842929176
55,0,3,236.96894136921946
55,0,3,231.9927703035124
55,0,3,248.24997888634505
55,0,3,242.08519499380918
55,0,3,237.79841680487397
55,0,3,239.42144528731995
55,0,3,226.08948353621773
55,0,3,215.87963464385086
55,0,3,230.06798694705208
55,0,3,229.73013832494786
55,0,3,225.32872873338553
55,0,4,239.6745235797955
55,1,0,246.50297214734593
55,1,0,212.86458530198502
55,1,1,241.4704612761959
55,1,3,272.1111517913257
55,1,3,218.2841109907421
55,1,3,265.1754036606013
55,1,3,262.56759700770164
55,1,3,245.2937399082679
55,1,3,273.7773636785355
55,1,3,222.19268170312841
55,1,3,219.0445658962227
56,0,0,236.87859570165097
56,0,0,200.33968843173162
56,0,0,208.153464135045
56,0,0,263.38698917426876
56,0,0,220.03750132343072
56,0,0,246.05259388534813
56,0,0,234.78084878394225
56,0,0,254.65118917027525
56,0,0,228.8899608978931
56,0,0,207.28086635519767
56,0,0,220.68065795902783
56,0,0,232.95647151369906
56,0,1,239.66869568303935
56,0,1,199.5108365635233
56,0,2,245.68209050431312
56,0,2,221.58755173638372
56,0,3,211.36946169637292
56,0,3,237.41806705806016
56,0,3,245.68209050431312
56,0,3,258.2854093045905
56,0,3,207.7136820507293
56,0,3,232.03174961779297
56,0,3,249.86198476210296
56,0,3,193.61391647718807
56,0,3,262.17631902702504
56,0,3,221.12769923261084
56,0,3,235.665320735664
56,1,0,238.03260574260844
56,1,0,230.62566905475651
56,1,0,252.9420779262402
56,1,0,238.08024543145999
56,1,0,226.03802459275647
56,1,0,257.03240509297297
56,1,0,215.2679358988174
56,1,3,248.1466555056291
56,1,3,213.9752786640698
56,1,3,193.61391647718807
56,1,3,244.4385975348028
57,0,0,257.4468982522721
57,0,0,207.42115782501403
57,0,0,238.6017852967363
57,0,0,226.5309631452048
57,0,0,244.89609585931925
57,0,0,241.77414170461128
57,0,3,209.34747308114592
57,0,3,266.8968087134769
57,0,3,208.24476866069085
57,0,3,231.49276159674793
57,0,3,220.06671127002488
57,0,3,217.78072802564435
57,0,3,257.0895389536825
57,0,3,214.8732634370883
57,0,3,241.18424266343678
57,1,0,272.32554070195624
57,1,0,240.06369333135086
58,0,0,223.28393029291982
58,0,0,249.98709042600868
58,0,0,239.41226523380772
58,0,0,253.41472394745014
58,0,0,222.06116716954406
58,0,0,210.99010113083528
58,0,0,226.51642878005885
58,0,0,229.29627675955345
58,0,0,260.4489721539181
58,0,0,223.45843778619658
58,0,0,245.27534355777283
58,0,0,225.91345749102203
58,0,0,213.307336713774
58,0,0,222.57193173988043
58,0,0,216.00369597947514
58,0,0,241.52344653601375
58,0,0,212.4427675330973
58,0,0,260.919233817272
58,0,0,259.22202536370276
58,0,0,239.64794801559006
58,0,0,229.09940002182583
58,0,0,266.9661049925769
58,0,0,226.09317507277635
58,0,0,239.04469136237984
58,0,0,243.38904717574286
58,0,0,245.83143243856807
58,0,0,222.86213349904438
58,0,0,243.08088133289323
58,0,1,212.69605521559646
58,0,3,217.39640138282027
58,0,3,233.5258844103095
58,0,3,216.49238190894954
58,0,3,212.81224718719017
58,0,3,239.925948434093
58,0,3,259.8043381381574
58,0,3,243.89395701380087
58,0,3,225.75087283399952
58,0,3,214.31264966918968
58,0,3,221.57605041223695
58,0,3,219.53387511277046
58,0,3,243.1659906628925
58,0,3,228.47081287345327
58,0,3,241.39313173604464
58,0,3,252.39391320250655
58,0,3,248.7408508864926
58,0,3,228.822452913522
58,0,3,230.08952366609952
58,0,3,222.09800112186718
58,0,3,221.6766162829833
58,0,3,214.5365339581162
58,0,3,221.3836619496771
58,0,3,262.9551466681932
58,0,3,219.00486111688446
58,0,3,249.7895206403859
58,0,3,205.02441422896982
58,0,3,214.5365339581162
58,0,3,232.67726294822245
58,0,3,219.8002463114927
58,0,3,231.19974548796463
58,0,3,236.083579556431
58,0,4,225.1215403280134
58,1,0,257.62062409764326
58,1,1,227.47579876331693
59,0,0,239.11828869537857
59,0,0,221.09288879519804
59,0,0,238.4175376142766
59,0,3,213.07079472402518
5,0,3,231.5437443572892
5,1,3,240.3703942202848
5,1,3,239.23108503647688
60,0,0,240.32848632869153
60,0,0,212.88674737935088
60,0,0,235.2614936348364
60,0,0,246.7442568809774
60,0,0,205.44662762866858
60,0,0,224.61746363269333
60,0,0,218.69416007813726
60,0,0,244.24877613160194
60,0,0,235.83429832063285
60,0,0,222.55583063167495
60,0,0,239.55566133924884
60,0,0,219.55139066865684
60,0,0,236.38072030814948
60,0,0,251.58118727084906
60,0,0,245.07281506959168
60,0,0,217.28823665616105
60,0,1,231.3853408605703
60,0,1,252.9935532215757
60,0,1,203.53488152175368
60,0,2,238.4538465012965
60,0,2,263.43389211860426
60,0,2,227.71606548094292
60,0,3,217.86147404341168
60,0,3,226.20188413941236
60,0,3,248.114370179628
60,0,3,246.6379305856629
60,0,3,243.15524783775732
60,0,3,211.18144338096232
60,0,3,245.56516102133986
60,0,3,216.38467693789613
60,0,3,242.01035631944455
60,0,3,198.07465113881045
60,0,3,225.6635217694597
60,0,3,211.47181616238254
60,0,3,236.91363024570973
60,0,3,226.55886248232906
60,0,3,241.3249417916868
60,0,3,185.3473325598605
60,0,3,235.97506915637464
60,0,3,229.68958121133238
60,0,3,246.18691468328956
60,0,3,241.80869437981502
60,0,3,251.97138289011943
60,0,3,212.46484960474663
60,0,3,229.70841172377106
60,0,3,228.34323772931387
60,0,3,224.06467568237287
60,0,3,226.84972062082778
60,0,3,221.83594423344624
60,1,0,206.2024756215195
60,1,0,270.2376976184804
60,1,0,244.94369201664387
60,1,0,239.25186172994847
60,1,1,217.61082101024493
60,1,1,250.1239921596024
60,1,1,261.32986879410305
60,1,1,248.13451799607134
60,1,3,234.01775376952702
60,1,3,253.86867411687268
60,1,3,239.64441588797183
61,0,0,251.89976162245807
61,0,0,226.85990790980242
61,0,0,217.94849270538776
61,0,0,201.45926670181768
61,0,0,242.1636079121223
61,0,0,217.94849270538776
61,0,0,250.06245471404515
61,0,0,251.79521217768865
61,0,3,248.25597285081054
61,0,3,216.48188696369294
61,0,3,242.9983464110519
61,0,3,217.61326777971084
61,0,3,235.10722604484053
61,0,3,224.16530766679978
61,0,3,244.3047932741195
61,0,3,236.87802635021885
61,0,3,219.97962495972791
61,0,3,265.8320904353593
61,0,3,220.67005395869106
61,0,3,209.7147248569248
61,0,3,235.59167467937806
61,0,3,242.53842904034684
61,0,3,203.9859916770831
61,0,3,236.86877754751822
61,0,3,240.3331502557338
61,1,0,250.47978714713264
61,1,0,245.7448386335251
61,1,1,253.0876261405393
61,1,3,249.55964193357
61,1,3,233.8360846223035
61,1,3,250.40870769966335
62,0,0,205.7014840131757
62,0,0,226.366294472689
62,0,0,223.42655230473576
62,0,0,256.77148334950783
62,0,0,231.7235901326018
62,0,0,209.9547813516964
62,0,0,239.76448960403056
62,0,1,258.11471552653376
62,1,3,238.7332873560169
63,0,0,220.71290145848786
63,0,0,219.46679236161384
63,0,0,236.930521119171
63,0,0,236.1494945704098
63,0,0,244.18405418584257
63,0,0,218.79926072967848
63,0,0,220.29685420174582
63,0,1,184.39059547301162
63,0,1,233.25673254685188
63,0,3,243.69623897419132
63,0,3,217.4384316609191
63,0,3,235.16149347868685
63,0,3,258.95773719224104
63,0,3,236.36230268220663
63,0,3,184.51294500951562
63,1,0,224.65637651569577
64,0,0,238.8073018260052
64,0,0,246.0797809410188
64,0,0,227.43549616513252
64,0,0,254.29607569647843
64,0,0,217.48248805904274
64,0,0,242.3921896882709
64,0,1,241.5081899767846
64,0,3,207.5451333369026
64,1,0,234.60843063752088
65,0,0,251.6935531455439
65,0,0,231.95144510244808
65,0,0,221.7641944911282
65,0,0,240.26320180159195
65,0,0,209.84337226420877
65,0,0,240.76975939521625
65,0,0,208.11833799922664
65,0,0,222.2331198570766
65,0,0,228.6123700654589
65,0,0,210.4966550765725
65,0,0,222.7633373069255
65,0,0,252.3509809856749
65,0,0,245.40548779391565
65,0,0,237.1051480950616
65,0,0,243.22473812203532
65,0,0,238.44888673551364
65,0,0,253.5965672350991
65,0,1,227.22014701042525
65,0,1,227.96916239575157
65,0,1,241.24026560361227
65,0,1,233.1593908071157
65,0,1,233.39800055965588
65,0,1,251.11774335938856
65,0,1,193.7383172827818
65,0,1,237.78124539847127
65,0,2,222.31254542595752
65,0,2,226.22383949734694
65,0,3,232.62947062773918
65,0,3,205.12063212797153
65,0,3,226.13052172984425
65,0,3,264.1361154084077
65,0,3,234.34488898045777
65,0,3,209.06694642772365
65,0,3,243.22892313356857
65,0,3,223.25063706860072
65,0,3,214.55921740435144
65,0,3,262.26545916544706
65,0,3,217.05657469199673
65,0,3,243.7670830091143
65,1,0,233.04307280602222
65,1,0,214.8547241283172
65,1,0,257.87500921560843
65,1,0,254.31595990703948
65,1,0,246.28465812650938
65,1,0,231.2874118736446
65,1,1,265.2315942443816
65,1,3,235.59779230382773
65,1,3,212.5015973539118
66,0,0,215.81845431713094
66,0,0,243.60643080350695
66,0,0,234.19687290283127
66,0,0,259.22630273483935
66,0,3,206.27377146548113
66,0,3,222.1668018901192
66,0,3,217.58094356175323
66,0,3,215.13151577599467
66,0,3,211.7170687672424
66,0,3,222.45450673379315
66,1,3,240.61747816908763
67,0,0,206.5957741375065
67,0,0,211.26061488351388
67,0,0,227.19381271470058
67,0,0,209.7810954978218
67,0,0,243.23061444361986
67,0,0,239.096950986472
67,0,0,237.1568577309256
67,0,0,250.6662813920025
67,0,0,201.45926670181768
67,0,0,253.69105049626415
67,0,0,223.34703039535253
67,0,0,220.31320264039624
67,0,0,254.99757260365675
67,0,0,260.4345659152847
67,0,1,216.49428593613692
67,0,1,239.15729416703329
67,0,3,234.8507532348844
67,0,3,232.50494056297134
67,0,3,242.0584950001756
67,0,3,220.84335343974107
67,0,3,239.6826429963495
67,0,3,266.7618292274709
67,0,3,217.32691506544174
67,1,0,251.07717055642695
67,1,0,244.68798006518458
67,1,0,242.83971567498466
67,1,0,265.1279417859286
68,0,0,207.59900800749807
68,0,0,234.52224354911087
68,0,3,207.41418560004394
68,0,3,230.402782002738
68,1,0,244.9222294854659
68,1,3,259.4241084765497
6,0,3,228.0322671699553
6,1,0,234.82821973184258
6,1,3,238.21216356669532
6,1,4,191.00783986477728
70,0,0,245.6292015164828
70,0,0,247.05409375042422
70,0,0,259.7811144319346
70,0,0,231.57296321703842
70,0,0,218.2463093121412
70,0,0,185.00425263000875
70,0,0,240.20355635797748
70,0,0,234.51880930450704
70,0,0,238.04268428361124
70,0,0,249.54667878573053
70,0,1,209.19716487379216
70,0,1,230.92779347342332
70,0,1,232.69893485518537
70,0,3,227.99415591744324
70,0,3,256.32081724187015
70,0,3,245.159215457386
70,0,3,233.98069807030242
70,0,3,263.31065756679715
70,0,3,232.09365235454277
70,0,3,224.56803678377116
70,0,3,217.24522873276027
70,0,3,214.63651952954518
70,0,3,238.5282573657194
70,0,3,223.96055722103844
70,1,0,239.16586245528583
70,1,0,245.86835362806283
70,1,0,250.95169917629644
70,1,0,249.58462189574945
70,1,0,207.05981645296407
70,1,0,244.35396776582286
70,1,0,242.50358763900954
70,1,0,241.20927551301537
70,1,0,213.3677184498458
70,1,1,243.9334370958904
70,1,1,235.85488799532823
70,1,1,229.24374436679307
70,1,3,235.0562592472016
71,0,0,176.07670564099305
71,0,0,249.52260986017455
71,0,0,241.66180328201216
71,0,0,237.0494628878284
71,1,1,253.07931841549114
72,0,0,210.42260080748247
72,0,0,239.42764464128936
72,0,1,226.7714885724995
72,1,0,223.6594550973706
72,1,0,240.994641741853
72,1,1,201.11737351818078
72,1,1,262.2134008907856
73,0,0,239.20082377591243
73,0,0,233.4386464600064
73,0,0,252.97360577578883
73,0,0,246.58484116950513
73,0,0,249.63077931754734
73,0,3,236.2268373546081
73,0,3,232.92758673945428
73,0,3,238.45142584712386
73,0,3,239.9771947341875
73,1,0,239.11834759470761
73,1,0,262.20811515897014
73,1,0,254.66261691574027
73,1,0,270.5434194495788
73,1,0,240.7899070746836
73,1,0,231.63973607159818
73,1,0,240.2499688291582
73,1,0,258.8261142705297
73,1,0,249.80942741846414
73,1,1,231.21872213323985
74,0,0,241.08006169799702
74,0,0,249.58286796533474
74,0,0,238.70783329417557
74,0,0,214.55003908928776
74,0,0,238.72121465183102
74,0,0,230.62537375431668
74,0,0,238.83304128758547
74,1,0,229.6133553929921
74,1,0,184.15178640478473
74,1,0,267.1022845918628
74,1,0,260.57646910888144
74,1,0,253.59099802147685
74,1,1,250.4668808004306
75,0,0,246.1546745653776
75,0,0,253.57578729737602
75,0,3,245.46224058901777
75,1,0,262.00375335221634
75,1,0,259.93216631558846
75,1,0,241.041639681996
75,1,0,245.28982337086606
75,1,0,227.56267337171647
75,1,0,266.83510602304875
75,1,0,235.2198506884444
75,1,0,247.06405011334
76,0,0,248.28647810650796
76,0,0,224.64650475307826
76,1,0,230.8367812056283
76,1,0,251.64232352259128
76,1,0,255.60797496785773
77,1,0,234.3746957285282
78,0,0,240.57012895701908
78,0,0,231.16067379994035
78,0,0,240.05181991691634
78,0,0,229.0100687158394
78,0,0,271.57249886313605
78,0,0,237.39510722533396
78,0,0,251.57217014821686
78,1,0,221.3345080631734
78,1,0,252.2483996730422
78,1,0,235.21048534476256
78,1,0,231.85134415977328
78,1,0,253.52884951686292
78,1,0,256.87857171301033
78,1,0,246.30633188914504
78,1,0,231.9406775559935
78,1,0,255.4834301048255
78,1,1,245.91349870062538
79,1,0,273.18538634193055
79,1,0,234.55024290059663
79,1,0,244.65624266844907
79,1,0,213.2046392628098
7,0,3,232.2395807825258
7,1,1,213.82994973439685
80,0,0,214.4967902755609
80,0,0,165.6481940861493
80,0,0,233.87488929853544
80,1,0,278.8486550645746
80,1,0,237.5539243877932
80,1,0,247.20317689537296
80,1,0,282.2891215441267
80,1,1,245.17530288964082
80,1,1,239.67330162054978
80,1,2,256.3377161772134
80,1,2,246.21312921199342
80,1,3,263.2017497325203
81,0,0,219.83422211403968
81,1,0,251.34564554176166
81,1,0,274.0590617841399
81,1,0,264.2129027418172
81,1,0,248.00208406449832
81,1,0,238.48055660214942
81,1,0,266.51333594974824
81,1,0,256.6008294004826
81,1,0,243.80761947061487
81,1,0,234.96878340319586
81,1,0,236.53248994258195
81,1,1,245.48935429098188
82,1,0,226.95039220823855
82,1,0,272.90742658950825
82,1,0,253.0292743916162
83,0,0,213.4073910968877
83,0,0,230.94725509762281
83,1,0,245.4338830486551
83,1,0,250.9076275462677
83,1,0,247.01278921792067
83,1,0,243.94600026953458
83,1,0,230.07114889294297
83,1,0,249.91652153426503
84,1,0,215.60061485518003
84,1,0,231.48921674021784
84,1,0,256.4779878647406
84,1,0,228.92912470509262
84,1,0,220.06316644923947
84,1,0,219.66065487414994
84,1,0,254.91841302890035
84,1,0,256.72836945798156
84,1,0,262.32180355015083
84,1,0,244.95686466388577
84,1,0,205.25122071949897
84,1,0,240.35165882611727
84,1,0,218.87793247086512
84,1,2,273.1938358173818
85,0,0,236.99666998161194
85,0,0,217.31732295743427
85,1,0,258.0962010034893
85,1,0,266.3875421050326
85,1,0,250.68123226660487
85,1,0,232.2204897160596
85,1,0,260.81238065478266
85,1,0,227.20282714817435
85,1,0,261.48482550663067
85,1,0,252.18835088058862
85,1,0,243.92143820430368
85,1,0,208.87944433557882
85,1,0,255.9278678578704
85,1,0,245.5593693315717
85,1,1,242.63366965457618
85,1,2,252.42497934090687
86,0,0,209.81268084511072
86,0,1,215.59405550977573
86,1,0,254.15327705653465
86,1,0,263.84693056123854
86,1,0,242.79292802480876
86,1,2,240.38459394314503
87,0,0,231.64553826032005
87,0,1,243.29106170683232
87,1,0,254.06713594487036
87,1,0,222.93535510136206
87,1,0,237.5183126572963
88,0,0,246.2767228110952
88,1,0,228.6073363521965
88,1,0,243.07661839708106
88,1,0,263.97578519792893
88,1,0,246.6352843212942
88,1,0,252.31672778689267
88,1,0,243.81780582581004
88,1,0,242.7296166030156
88,1,0,247.41473173399447
89,0,1,240.89223367786695
89,1,0,263.73325435235284
89,1,0,256.0515629047899
89,1,0,219.25685287024118
89,1,0,240.61049468059645
89,1,0,230.6250771439837
89,1,0,248.61502122406793
89,1,0,256.2217347517578
89,1,1,249.2840652784064
8,1,0,266.87716924868073
8,1,0,255.48418708104762
90,0,0,241.82074212173396
90,0,0,220.7483434928692
90,1,0,261.3328156140077
90,1,0,257.47894014921167
90,1,0,238.74670087410578
90,1,0,244.508535328268
90,1,0,240.0220992491818
90,1,0,252.48323646272527
90,1,0,247.5121242112222
90,1,0,249.92822416924412
90,1,0,223.73987877170288
90,1,1,243.76231165216825
93,1,0,236.71807097308948
93,1,0,239.74497221083135
95,1,0,248.9784025336577
95,1,0,247.0589057409834
95,1,0,241.49788764379818
95,1,2,263.5625751292997
99,1,0,240.82586605102207
99,1,0,270.6664148608645
99,1,0,243.91523842461638
99,1,1,274.9708459302665
9,0,0,252.94934650983572
9,0,0,250.60279451011348
